day	X	Y_bev	Y_std	survival_rate_bev	survival_rate_std	prog_risk_bev	prog_risk_std	log2_risk_ratio	log2_risk_ratio_ma	prog_risk_bev_ma	prog_risk_std_ma
60	538.0250347705146	1953	1449	0.8624178047546788	0.6074860900354071	0.0662756598240468	0.13738551207327213	-1.0516788400365298	-1.4916171966609186	0.08771236006859297	0.22967474159084186
61	542.3254520166898	1917	1449	0.8442083965604451	0.6074860900354071	0.04613541042540434	0.13738551207327213	-1.5742834772078806	-1.4911251626217719	0.08827772798030485	0.23091074606857276
62	546.6258692628651	1917	1425	0.8442083965604451	0.5953464845725847	0.04613541042540434	0.11979609175870846	-1.3766344460280484	-1.4882584969668131	0.08889085138389831	0.2319844375590932
63	550.9262865090403	1910	1372	0.8406676783004552	0.5685381891755185	0.04211793020457267	0.0782918149466192	-0.8944269482417536	-1.486633447582294	0.08950397478749175	0.23315573304281567
64	555.2267037552156	1909	1372	0.840161861406171	0.5685381891755185	0.04154124021673686	0.0782918149466192	-0.9143171996005796	-1.484227079810464	0.09011709819108521	0.23422987792387276
65	559.5271210013908	1909	1372	0.840161861406171	0.5685381891755185	0.04154124021673686	0.0782918149466192	-0.9143171996005796	-1.458903610757038	0.09077044010339493	0.23526581597864363
66	563.827538247566	1909	1343	0.840161861406171	0.5538694992412747	0.04154124021673686	0.05388127853881285	-0.375239796057516	-1.4325382798769715	0.0914242655614558	0.23619755849864502
67	568.1279554937413	1909	1343	0.840161861406171	0.5538694992412747	0.04093919325707409	0.05388127853881285	-0.3963014115853427	-1.4092849138763095	0.09202412089413556	0.2371293010186464
68	572.4283727399165	1909	1319	0.840161861406171	0.5417298937784523	0.04154124021673686	0.05602240896358557	-0.4314597320424749	-1.3917487596125724	0.0927096016559522	0.23779735069478375
69	576.7287899860918	1909	1319	0.840161861406171	0.5417298937784523	0.048765803732691224	0.05695611577964539	-0.22398092789038468	-1.3742126053488355	0.09339508241776885	0.2384654003709211
70	581.029207232267	1909	1315	0.840161861406171	0.539706626201315	0.048765803732691224	0.053420805998125535	-0.13153190841806464	-1.3531210287162962	0.09417676327578557	0.23904430078572378
71	585.3296244784423	1909	1315	0.840161861406171	0.539706626201315	0.048765803732691224	0.06935332708528572	-0.5080952598822714	-1.33005988958083	0.09510274427810247	0.23961895599760571
72	589.6300417246175	1909	1315	0.840161861406171	0.539706626201315	0.048765803732691224	0.0805998125585753	-0.7249066489554197	-1.3050601695930106	0.09603473778643185	0.2401002167452323
73	593.9304589707928	1909	1316	0.840161861406171	0.5402124430955995	0.048765803732691224	0.10299625468164796	-1.0786501369148551	-1.27996106857832	0.09690809733612729	0.24050668034213116
74	598.230876216968	1909	1296	0.840161861406171	0.530096105209914	0.048765803732691224	0.10782442748091604	-1.1447423159554868	-1.2546680527359393	0.09779683013046424	0.24091314393903002
75	602.5312934631432	1909	1296	0.840161861406171	0.530096105209914	0.048765803732691224	0.10877862595419856	-1.1574533677050418	-1.2327285594520416	0.0986794037723006	0.24165039634000013
76	606.8317107093185	1909	1296	0.840161861406171	0.530096105209914	0.054184226369656904	0.1259541984732825	-1.2169543794537037	-1.2299053037077423	0.0994429055020087	0.24309200265565226
77	611.1321279554937	1909	1296	0.840161861406171	0.530096105209914	0.06983744732089103	0.1259541984732825	-0.850826480655808	-1.2257255022301483	0.10020640723171678	0.2446335166971663
78	615.432545201669	1886	1296	0.8285280728376327	0.530096105209914	0.056166056166056195	0.125	-1.154157685583995	-1.2216091764878891	0.10085937504902279	0.24589007303646812
79	619.7329624478442	1886	1296	0.8285280728376327	0.530096105209914	0.07020757020757018	0.15267175572519096	-1.120734684046547	-1.2145108328741254	0.10173451707856493	0.24704710991260642
80	624.0333796940195	1886	1296	0.8285280728376327	0.530096105209914	0.06959706959706952	0.1708015267175572	-1.2952224032030741	-1.2119872426313014	0.10247957368951827	0.24820414678874472
81	628.3337969401947	1886	1296	0.8285280728376327	0.530096105209914	0.09096459096459096	0.1708015267175572	-0.9089438969056527	-1.204602347546431	0.10344563829728423	0.24911763052860944
82	632.63421418637	1886	1296	0.8285280728376327	0.530096105209914	0.09096459096459096	0.20896946564885494	-1.1999151792425702	-1.1951040677205322	0.10441799221322631	0.24981067858382686
83	636.9346314325452	1886	1285	0.8285280728376327	0.524532119372787	0.10561660561660559	0.20057859209257461	-0.92533095333215	-1.1846061098449898	0.10541248986833167	0.2501843525289294
84	641.2350486787204	1866	1284	0.8184117349519474	0.5240263024785028	0.10754017305315205	0.19884169884169875	-0.8867446360779129	-1.1733561787066908	0.1064132768316131	0.25046209066381037
85	645.5354659248957	1866	1284	0.8184117349519474	0.5240263024785028	0.10877626699629182	0.2471042471042471	-1.183755986106125	-1.1646368209990465	0.10725094166203213	0.2506308108325305
86	649.8358831710709	1866	1284	0.8184117349519474	0.5240263024785028	0.13040791100123614	0.2712355212355213	-1.0565147362571645	-1.1546300601021813	0.10803581597183973	0.2501890303907501
87	654.1363004172462	1866	1284	0.8184117349519474	0.5240263024785028	0.131025957972806	0.2712355212355213	-1.0496934704011502	-1.1459694980441049	0.10871472215685926	0.24974724994896966
88	658.4367176634214	1866	1284	0.8184117349519474	0.5240263024785028	0.131025957972806	0.2712355212355213	-1.0496934704011502	-1.1374395360831357	0.10939362834187882	0.2492943039991293
89	662.7371349095966	1866	1284	0.8184117349519474	0.5240263024785028	0.1372064276885043	0.2944015444015444	-1.1014371708435666	-1.1299394724130256	0.10996018614845866	0.2488836779387359
90	667.0375521557719	1840	1284	0.8052604957005565	0.5240263024785028	0.12311557788944727	0.2944015444015444	-1.257771921192135	-1.1235677045218584	0.11047534424573864	0.24848318199636607
91	671.3379694019471	1840	1284	0.8052604957005565	0.5240263024785028	0.12311557788944727	0.31081081081081074	-1.336023366856503	-1.1159382400095472	0.11107154598352474	0.2479201487143371
92	675.6383866481224	1840	1284	0.8052604957005565	0.5240263024785028	0.12311557788944727	0.31081081081081074	-1.336023366856503	-1.110108737504506	0.11148059932358761	0.24735711543230815
93	679.9388038942976	1840	1284	0.8052604957005565	0.5240263024785028	0.12311557788944727	0.32046332046332043	-1.380145920088811	-1.1046992933553228	0.11189609264304255	0.24688089890258832
94	684.2392211404729	1840	1284	0.8052604957005565	0.5240263024785028	0.12311557788944727	0.32046332046332043	-1.380145920088811	-1.0987043855411425	0.11228191488755686	0.24617062478586973
95	688.5396383866481	1840	1284	0.8052604957005565	0.5240263024785028	0.1237437185929649	0.3301158301158302	-1.415617028286616	-1.0930974782057163	0.11262146438623395	0.2454841387872824
96	692.8400556328234	1840	1284	0.8052604957005565	0.5240263024785028	0.1293969849246232	0.3301158301158302	-1.3511683205597738	-1.0882870756766323	0.1129557701054015	0.24497095845873787
97	697.1404728789986	1841	1284	0.8057663125948407	0.5240263024785028	0.12994350282485875	0.34555984555984565	-1.4110510836036874	-1.082939633827227	0.11330018102323687	0.2443290265762953
98	701.4408901251738	1840	1259	0.8052604957005565	0.511380880121396	0.1293969849246232	0.32937685459940663	-1.3479351785286775	-1.0777557251056757	0.11363988637834264	0.24374740432977363
99	705.7413073713491	1828	1258	0.7991906929691451	0.5108750632271117	0.12278481012658224	0.3287128712871287	-1.4206958545851058	-1.0721975462018278	0.11397959173344842	0.24305790721809553
100	710.0417246175243	1828	1258	0.7991906929691451	0.5108750632271117	0.12278481012658224	0.3287128712871287	-1.4206958545851058	-1.066880256528808	0.11431266206584198	0.2424235613519219
101	714.3421418636996	1828	1241	0.7991906929691451	0.5022761760242792	0.12278481012658224	0.3172205438066466	-1.3693541117362433	-1.0625818472088169	0.11451250273190272	0.2417736782225222
102	718.6425591098748	1828	1229	0.7991906929691451	0.496206373292868	0.1297468354430379	0.33231396534148827	-1.356847571570859	-1.0585368055806987	0.11470667831371006	0.24118278827349673
103	722.94297635605	1828	1206	0.7991906929691451	0.48457258472432985	0.1436708860759493	0.3162839248434239	-1.138452493510322	-1.0539054502660516	0.11490085389551738	0.24045719940564267
104	727.2433936022253	1828	1183	0.7991906929691451	0.4729387961557916	0.1436708860759493	0.2994652406417112	-1.0596208179435183	-1.049663687853926	0.11505154504845105	0.23973621458935399
105	731.5438108484005	1828	1182	0.7991906929691451	0.4724329792615073	0.15506329113924044	0.2987152034261241	-0.9459134761814207	-1.0437900974012613	0.11520804161642482	0.23865466722327622
106	735.8442280945758	1819	1164	0.7946383409205867	0.46332827516439046	0.15022278803309988	0.30458515283842785	-1.0197419396645988	-1.0341932089658459	0.11537211365549686	0.23696189744933585
107	740.144645340751	1793	1164	0.7814871016691958	0.46332827516439046	0.14239482200647252	0.3155021834061135	-1.1477533036708119	-1.0213815458064928	0.1155361856945689	0.23490156576224358
108	744.4450625869263	1794	1165	0.78199291856348	0.46383409205867476	0.14294954721862865	0.3271537622682662	-1.1944628114342435	-1.008555546322537	0.1157498683752281	0.232992668426517
109	748.7454798331015	1771	1136	0.7703591299949418	0.4491654021244309	0.1293499671700592	0.3051801801801802	-1.2383815820346806	-0.9979476672372016	0.1157524578748073	0.23108377109079037
110	753.0458970792768	1772	1117	0.7708649468892261	0.4395548811330299	0.13057742782152235	0.28998849252013825	-1.1510901236351898	-0.986005224977182	0.11587458795885988	0.22917487375506376
111	757.346314325452	1737	1117	0.7531613555892767	0.4395548811330299	0.11014103425117526	0.28998849252013825	-1.3966435906495336	-0.9776129170521932	0.11576216426716875	0.2274712928445342
112	761.6467315716272	1737	1077	0.7531613555892767	0.4193222053616591	0.11014103425117526	0.2702050663449941	-1.2947026645258708	-0.9699891092055904	0.1156430066351042	0.22593549489352427
113	765.9471488178025	1713	1077	0.7410217501264542	0.4193222053616591	0.0955631399317406	0.2702050663449941	-1.499528562926498	-0.9627244511738717	0.11557113587710008	0.22460761834720114
114	770.2475660639777	1692	1078	0.7303995953464846	0.4198280222559434	0.08240997229916898	0.2710843373493978	-1.7178509285619785	-0.955760065452525	0.11548470330316182	0.22330120698662037
115	774.547983310153	1690	1028	0.729387961557916	0.3945371775417299	0.08113730929264902	0.22435897435897448	-1.4673715277401382	-0.9483271330965565	0.11546426630257035	0.2220839273814903
116	778.8484005563282	1655	1003	0.7116843702579666	0.38189175518462315	0.05828002842928215	0.1986754966887418	-1.7693404649018896	-0.9462835827090196	0.11547536969426604	0.22180350905983487
117	783.1488178025035	1654	1003	0.7111785533636823	0.38189175518462315	0.05761024182076808	0.20794701986754954	-1.8518187908670969	-0.9419902142528568	0.11559749636654187	0.2215230907381794
118	787.4492350486787	1654	1003	0.7111785533636823	0.38189175518462315	0.07325746799430992	0.20794701986754954	-1.5051682665685053	-0.9384417121659506	0.1157196230388177	0.2213691440157916
119	791.749652294854	1644	979	0.7061203844208397	0.3697521497218007	0.06733524355300873	0.18194254445964422	-1.4340492140807635	-0.9348932100790445	0.11584174971109353	0.22121519729340386
120	796.0500695410292	1644	979	0.7061203844208397	0.3697521497218007	0.06733524355300873	0.18194254445964422	-1.4340492140807635	-0.9294852083349674	0.11600959307321705	0.2210686833610856
121	800.3504867872044	1644	962	0.7061203844208397	0.3611532625189682	0.07306590257879664	0.16246498599439776	-1.1528586153366276	-0.9314090753443565	0.11595600890672969	0.2211370101399499
122	804.6509040333797	1644	962	0.7061203844208397	0.3611532625189682	0.07306590257879664	0.17927170868347336	-1.2948776202090553	-0.9291617848566853	0.11606269047041491	0.22120533691881422
123	808.9513212795549	1644	952	0.7061203844208397	0.35609509357612545	0.07306590257879664	0.16761363636363627	-1.1978693149626982	-0.9245601389989695	0.11616178771106718	0.22106334358941318
124	813.2517385257302	1644	952	0.7061203844208397	0.35609509357612545	0.08094555873925502	0.16761363636363627	-1.0501156945190075	-0.9239768889561396	0.11629436395355969	0.22126721923344614
125	817.5521557719054	1643	942	0.7056145675265554	0.35103692463328273	0.08100358422939069	0.1556195965417866	-0.9419660938865682	-0.9230407854862974	0.11643933026898383	0.2214710948774791
126	821.8525730180806	1634	942	0.701062215477997	0.35103692463328273	0.07503607503607505	0.1556195965417866	-1.0523674735813273	-0.9183087167713508	0.11658429658440796	0.22144312475723057
127	826.1529902642559	1634	926	0.701062215477997	0.3429438543247344	0.09090909090909097	0.1356932153392328	-0.5778521115579626	-0.9182560610849513	0.1167216785767991	0.22161857577371377
128	830.4534075104311	1634	926	0.701062215477997	0.3429438543247344	0.09090909090909097	0.1356932153392328	-0.5778521115579626	-0.9203341478601843	0.1167796714514978	0.22179402679019697
129	834.7538247566064	1634	926	0.701062215477997	0.3429438543247344	0.1024531024531024	0.1356932153392328	-0.4053849155531989	-0.9236362043292768	0.11700371276184547	0.22233923195236518
130	839.0542420027816	1634	926	0.701062215477997	0.3429438543247344	0.11976911976911969	0.1356932153392328	-0.18009260371095626	-0.9305807243308103	0.1170836482417849	0.2228766562243996
131	843.3546592489569	1634	926	0.701062215477997	0.3429438543247344	0.12049062049062047	0.1356932153392328	-0.17142774258382815	-0.9382956528279465	0.1171635837217243	0.22344354141127998
132	847.6550764951321	1623	903	0.69549822964087	0.33131006575619626	0.11345454545454547	0.12671755725190847	-0.15950201935924874	-0.9409902083344115	0.11732594584195383	0.22387765558910072
133	851.9554937413074	1601	903	0.6843702579666161	0.33131006575619626	0.11529933481152997	0.12671755725190847	-0.13623224003640136	-0.9362710417923795	0.11782625718737298	0.22421804905464401
134	856.2559109874826	1601	903	0.6843702579666161	0.33131006575619626	0.11456023651145616	0.16641221374045795	-0.538654947054411	-0.9298492083115094	0.11823735964041804	0.22437180550249508
135	860.5563282336578	1583	903	0.6752655538694993	0.33131006575619626	0.11910112359550565	0.2442748091603052	-1.0363180697531094	-0.925610391652669	0.1186484620934631	0.22474372510983542
136	864.8567454798331	1583	885	0.6752655538694993	0.3222053616590794	0.11910112359550565	0.27472527472527486	-1.2058026208665897	-0.9192383899708126	0.1192097146966583	0.22510769306323175
137	869.1571627260083	1573	875	0.6702073849266565	0.3171471927162367	0.11245283018867923	0.2631578947368422	-1.22660870531954	-0.9123705465243842	0.11972581377787878	0.2253285312456357
138	873.4575799721836	1573	865	0.6702073849266565	0.312089023773394	0.13962264150943393	0.25121555915721233	-0.8473929099464319	-0.9075596111648352	0.12019488610125575	0.2255493694280397
139	877.7579972183588	1574	865	0.6707132018209407	0.312089023773394	0.14027149321266955	0.25121555915721233	-0.8407039751293774	-0.9015628965533565	0.12066687628361178	0.22577815926438766
140	882.058414464534	1573	865	0.6702073849266565	0.312089023773394	0.1667924528301886	0.25121555915721233	-0.5908718110713128	-0.8974321139968094	0.12111501103052702	0.2260993485523797
141	886.3588317107093	1573	865	0.6702073849266565	0.312089023773394	0.16754716981132073	0.25121555915721233	-0.5843585041126379	-0.8917491240491551	0.12157670211721809	0.2262694564154354
142	890.6592489568845	1573	853	0.6702073849266565	0.30601922104198276	0.18037735849056594	0.2363636363636364	-0.3899898409736089	-0.8893832647187822	0.12185186169115816	0.22643956427849102
143	894.9596662030598	1573	853	0.6702073849266565	0.30601922104198276	0.18113207547169807	0.2363636363636364	-0.38396605334583833	-0.8849605955974461	0.12209587893157828	0.22629160598378592
144	899.260083449235	1573	853	0.6702073849266565	0.30601922104198276	0.18037735849056594	0.2363636363636364	-0.3899898409736089	-0.8796921214707056	0.12251621967532765	0.22621357163538308
145	903.5605006954103	1573	853	0.6702073849266565	0.30601922104198276	0.20150943396226426	0.2363636363636364	-0.23016071726680198	-0.8747451999877505	0.12292053069043912	0.22615001139740426
146	907.8609179415855	1573	853	0.6702073849266565	0.30601922104198276	0.20150943396226426	0.2363636363636364	-0.23016071726680198	-0.8680897932958463	0.1233145409226911	0.22578917890341957
147	912.1613351877608	1573	846	0.6702073849266565	0.30247850278199295	0.20150943396226426	0.2575250836120403	-0.3538655791471664	-0.8624947303526835	0.1235282874549019	0.22522725245834094
148	916.461752433936	1551	846	0.6590794132524027	0.30247850278199295	0.18802762854950136	0.2575250836120403	-0.45376829606235963	-0.8555673054693652	0.12373688359568293	0.22447999182979542
149	920.7621696801112	1550	846	0.6585735963581183	0.30247850278199295	0.19508448540706597	0.29933110367893	-0.6176431494596227	-0.8486398805860469	0.12394547973646394	0.22373273120124987
150	925.0625869262865	1550	846	0.6585735963581183	0.30247850278199295	0.2043010752688171	0.29933110367893	-0.5510454007305992	-0.8401497850404545	0.12423090871859431	0.22279242037965416
151	929.3630041724617	1542	846	0.6545270612038442	0.30247850278199295	0.20015455950540958	0.29933110367893	-0.5806277173721063	-0.8302851238227515	0.12464231723275995	0.22185210955805837
152	933.663421418637	1542	834	0.6545270612038442	0.29640870005058173	0.20092735703245757	0.3191126279863482	-0.6673916944294417	-0.8198401433103847	0.12504516996321577	0.22077505484971877
153	937.9638386648122	1542	834	0.6545270612038442	0.29640870005058173	0.20092735703245757	0.3191126279863482	-0.6673916944294417	-0.8093233867121454	0.12545657847738143	0.21969800014137914
154	942.2642559109875	1531	834	0.6489630753667173	0.29640870005058173	0.1932969602494155	0.3191126279863482	-0.7232467501681958	-0.7966471680788796	0.1260989931517113	0.21854050785260196
155	946.5646731571627	1530	834	0.648457258472433	0.29640870005058173	0.19266770670826835	0.3395904436860069	-0.8176810811554646	-0.783970949445614	0.12674140782604124	0.21738301556382472
156	950.865090403338	1530	834	0.648457258472433	0.29640870005058173	0.19344773790951644	0.3395904436860069	-0.8118520023532666	-0.7703978900294012	0.12746414583160634	0.21614508569460997
157	955.1655076495132	1508	834	0.637329286798179	0.29640870005058173	0.18809523809523807	0.3395904436860069	-0.8523325356104211	-0.7573619031775789	0.12813977328440765	0.21490715582539513
158	959.4659248956884	1508	834	0.637329286798179	0.29640870005058173	0.18809523809523807	0.3395904436860069	-0.8523325356104211	-0.7438268933003905	0.12881084642137366	0.21354052582748023
159	963.7663421418637	1492	834	0.6292362164896308	0.29640870005058173	0.187299035369775	0.3395904436860069	-0.8584523915977231	-0.7285771698409254	0.1293414923934516	0.2119476794901322
160	968.0667593880389	1468	834	0.6170966110268084	0.29640870005058173	0.17131147540983616	0.3395904436860069	-0.9871740664907663	-0.7127740030574148	0.1299201763986993	0.2103603663470532
161	972.3671766342142	1467	834	0.616590794132524	0.29640870005058173	0.1706316652994258	0.3395904436860069	-0.9929104586005207	-0.6969708362739042	0.13049886040394693	0.20877305320397418
162	976.6675938803894	1467	820	0.616590794132524	0.2893272635306019	0.1706316652994258	0.3234265734265733	-0.9225528162170419	-0.6821441598220688	0.13100608535848304	0.20728150945656587
163	980.9680111265646	1445	820	0.6054628224582701	0.2893272635306019	0.16541353383458646	0.3234265734265733	-0.9673609406018147	-0.6700479198577474	0.13115497641717544	0.2056641871963672
164	985.2684283727399	1446	794	0.6059686393525543	0.27617602427921095	0.1661101836393989	0.2912087912087913	-0.8099133866096411	-0.6588162841610876	0.1312895725293246	0.20418044860698573
165	989.5688456189151	1424	743	0.5948406676783005	0.25037936267071326	0.15051020408163268	0.21818181818181834	-0.5356695819498641	-0.6451293549007091	0.1314241686414738	0.20257413257724785
166	993.8692628650904	1424	710	0.5948406676783005	0.23368740515933228	0.15051020408163268	0.16233766233766217	-0.10913644383318853	-0.6338485455601411	0.13131166499787292	0.20097406685763994
167	998.1696801112656	1424	710	0.5948406676783005	0.23368740515933228	0.15051020408163268	0.16233766233766217	-0.10913644383318853	-0.619366331352112	0.13152262458797082	0.19932508489292947
168	1002.4700973574409	1388	710	0.5766312594840668	0.23368740515933228	0.13684210526315793	0.16233766233766217	-0.24648553926967706	-0.6090084045795879	0.13172011714608794	0.19799163173852896
169	1006.7705146036161	1388	710	0.5766312594840668	0.23368740515933228	0.13684210526315793	0.16233766233766217	-0.24648553926967706	-0.5982612319090352	0.13191298699410375	0.19656108209361048
170	1011.0709318497914	1352	710	0.5584218512898331	0.23368740515933228	0.10869565217391311	0.16233766233766217	-0.5787035102494714	-0.5843193939182548	0.13213050756931072	0.1949763803791164
171	1015.3713490959666	1351	710	0.5579160343955488	0.23368740515933228	0.10788757932910246	0.16233766233766217	-0.5894689613632607	-0.5711810857746726	0.13232962521009342	0.1935182760617894
172	1019.6717663421418	1334	710	0.5493171471927163	0.23368740515933228	0.10405156537753224	0.16233766233766217	-0.6416990744689954	-0.5548892696419164	0.13282322950703357	0.19206017174446233
173	1023.9721835883171	1333	710	0.548811330298432	0.23368740515933228	0.10230414746543787	0.16233766233766217	-0.6661331100615563	-0.539867498470583	0.13326831590385008	0.19076692931192815
174	1028.2726008344923	1334	710	0.5493171471927163	0.23368740515933228	0.10313075506445686	0.16233766233766217	-0.6545231148265773	-0.5259962628097637	0.13354657116516505	0.18947368687939398
175	1032.5730180806677	1306	710	0.5351542741527566	0.23368740515933228	0.0793950850661625	0.20346320346320343	-1.3576462995968464	-0.510305674101982	0.1339344361567515	0.1881731171884898
176	1036.8734353268428	1306	710	0.5351542741527566	0.23368740515933228	0.0793950850661625	0.20346320346320343	-1.3576462995968464	-0.48605674796828546	0.13449511267501427	0.1867585216399352
177	1041.173852573018	1306	692	0.5351542741527566	0.22458270106221545	0.0793950850661625	0.19369369369369382	-1.2866553776872598	-0.4592914140249077	0.13524626653380512	0.18555795507196587
178	1045.4742698191933	1306	692	0.5351542741527566	0.22458270106221545	0.0793950850661625	0.19369369369369382	-1.2866553776872598	-0.4319377115342222	0.13599286407256556	0.18428012581083983
179	1049.7746870653687	1296	667	0.530096105209914	0.2119372787051087	0.07061068702290083	0.1455847255369929	-1.0439005397720345	-0.40597968969864234	0.13677127406150186	0.18300229654971378
180	1054.0751043115438	1284	667	0.5240263024785028	0.2119372787051087	0.05984555984555992	0.1455847255369929	-1.282542881163212	-0.3817870351754081	0.13746995702776293	0.18194117125032028
181	1058.375521557719	1283	667	0.5235204855842185	0.2119372787051087	0.05893719806763286	0.1455847255369929	-1.3046086186873362	-0.35672375982947063	0.13826325514290225	0.18088004595092677
182	1062.6759388038943	1282	647	0.5230146686899342	0.20182094081942337	0.05802707930367499	0.1027568922305767	-0.8244369431021591	-0.3339272204474744	0.13901744573169728	0.17998123363874363
183	1066.9763560500696	1282	647	0.5230146686899342	0.20182094081942337	0.05802707930367499	0.1027568922305767	-0.8244369431021591	-0.3100237083838013	0.13976298835495501	0.17894236530415158
184	1071.2767732962448	1283	647	0.5235204855842185	0.20182094081942337	0.05893719806763286	0.1027568922305767	-0.8019847832195425	-0.2892938219715982	0.14026664327462895	0.1780006475722248
185	1075.5771905424199	1283	635	0.5235204855842185	0.19575113808801214	0.05893719806763286	0.07493540051679616	-0.34646895380696846	-0.2697952157297593	0.1407046343929657	0.177058929840298
186	1079.8776077885952	1282	635	0.5230146686899342	0.19575113808801214	0.05802707930367499	0.07493540051679616	-0.3689211136895851	-0.25225794896288734	0.1410482434493983	0.17621716244021998
187	1084.1780250347706	1271	635	0.5174506828528073	0.19575113808801214	0.047898338220918886	0.07493540051679616	-0.6456718246132874	-0.2336734477264483	0.1414524183334171	0.17537539504014196
188	1088.4784422809457	1271	635	0.5174506828528073	0.19575113808801214	0.06842619745845552	0.12144702842377285	-0.8277065083335923	-0.21706408022581505	0.1419085400184075	0.17469968081675188
189	1092.7788595271209	1259	635	0.511380880121396	0.19575113808801214	0.05835806132542046	0.12144702842377285	-1.0573233280744012	-0.20045471272518184	0.14236466170339782	0.1740239665933618
190	1097.0792767732962	1259	635	0.511380880121396	0.19575113808801214	0.05835806132542046	0.12144702842377285	-1.0573233280744012	-0.18528257185792169	0.14272458329218807	0.17334825236997176
191	1101.3796940194716	1259	635	0.511380880121396	0.19575113808801214	0.06824925816023732	0.12144702842377285	-0.831441920658077	-0.17198786692268017	0.14294020473667815	0.17267253814658165
192	1105.6801112656467	1259	635	0.511380880121396	0.19575113808801214	0.10880316518298717	0.12144702842377285	-0.15860666391158448	-0.1587653691634981	0.1431498136751558	0.17199682392319157
193	1109.9805285118218	1247	635	0.5053110773899848	0.19575113808801214	0.09809809809809814	0.12144702842377285	-0.3080301192104394	-0.1457344338350777	0.14340878621303457	0.17139590685052922
194	1114.2809457579972	1247	635	0.5053110773899848	0.19575113808801214	0.09809809809809814	0.1524547803617573	-0.6360843168946423	-0.13397863554968073	0.14354879505878174	0.17079498977786683
195	1118.5813630041725	1247	635	0.5053110773899848	0.19575113808801214	0.11611611611611614	0.1524547803617573	-0.3928131658822789	-0.11886931470580037	0.1436949630570295	0.16986328390113323
196	1122.8817802503477	1247	635	0.5053110773899848	0.19575113808801214	0.11611611611611614	0.1524547803617573	-0.3928131658822789	-0.09950904496616657	0.14381283188194824	0.16828272306256753
197	1127.1821974965228	1247	635	0.5053110773899848	0.19575113808801214	0.1261261261261262	0.1524547803617573	-0.2735142375099338	-0.08248811201120973	0.1436330514563813	0.16644840834429378
198	1131.4826147426982	1232	635	0.4977238239757208	0.19575113808801214	0.11280487804878059	0.1524547803617573	-0.43455193220656557	-0.07287365324391283	0.1435086734758712	0.16425542588815342
199	1135.7830319888735	1232	635	0.4977238239757208	0.19575113808801214	0.12398373983739838	0.19121447028423788	-0.6250407772608941	-0.0663099307294847	0.14315788040102154	0.16216196289517668
200	1140.0834492350486	1232	635	0.4977238239757208	0.19575113808801214	0.12500000000000008	0.19121447028423788	-0.6132636094845397	-0.03694913912798342	0.1429161490931138	0.1602189210815019
201	1144.3838664812238	1232	635	0.4977238239757208	0.19575113808801214	0.12398373983739838	0.19121447028423788	-0.6250407772608941	-0.03119754298663714	0.14245340978839333	0.15899790092847702
202	1148.6842837273991	1221	635	0.4921598381385939	0.19575113808801214	0.12024665981500522	0.19121447028423788	-0.6691948846822466	-0.027258319643008583	0.14186025599899732	0.1577768807754521
203	1152.9847009735745	1222	635	0.49266565503287807	0.19575113808801214	0.15605749486652976	0.19121447028423788	-0.2931140581232974	-0.024110958623856673	0.14121837763913644	0.156679626645707
204	1157.2851182197496	1222	635	0.49266565503287807	0.19575113808801214	0.15605749486652976	0.19121447028423788	-0.2931140581232974	-0.021014646652397745	0.14057020997109948	0.1555823725159619
205	1161.5855354659247	1222	616	0.49266565503287807	0.186140617096611	0.15605749486652976	0.20380434782608675	-0.38510718307762337	-0.017867285633245838	0.13992833161123863	0.15448511838621679
206	1165.8859527121	1222	616	0.49266565503287807	0.186140617096611	0.15605749486652976	0.20380434782608675	-0.38510718307762337	-0.018776677400333407	0.13893956251869596	0.1533878642564717
207	1170.1863699582755	1222	606	0.49266565503287807	0.18108244815376828	0.15605749486652976	0.1815642458100555	-0.2184024844029521	-0.025326585785467128	0.1379507934261533	0.1528020421363535
208	1174.4867872044506	1222	606	0.49266565503287807	0.18108244815376828	0.15605749486652976	0.1815642458100555	-0.2184024844029521	-0.030899540795043954	0.13697292712554052	0.15206995885835908
209	1178.7872044506257	1222	606	0.49266565503287807	0.18108244815376828	0.1714579055441478	0.1815642458100555	-0.0826257053724855	-0.03921118327565313	0.13592914457619246	0.15133787558036466
210	1183.087621696801	1222	606	0.49266565503287807	0.18108244815376828	0.1724845995893224	0.1815642458100555	-0.07401257506777681	-0.0461340558122177	0.13482655488636472	0.1502574088018128
211	1187.3880389429764	1222	606	0.49266565503287807	0.18108244815376828	0.1714579055441478	0.1815642458100555	-0.0826257053724855	-0.05667770714677359	0.13353145333319863	0.14917694202326093
212	1191.6884561891516	1222	606	0.49266565503287807	0.18108244815376828	0.1724845995893224	0.1815642458100555	-0.07401257506777681	-0.06697066088267263	0.132270906078061	0.1480964752447091
213	1195.9888734353267	1222	606	0.49266565503287807	0.18108244815376828	0.20020533880903493	0.1815642458100555	0.14100031590307346	-0.07652832667740783	0.13100391884353121	0.14685116243026208
214	1200.289290681502	1222	606	0.49266565503287807	0.18108244815376828	0.20020533880903493	0.1815642458100555	0.14100031590307346	-0.08966812019945042	0.1297369316090015	0.14608719738958165
215	1204.5897079276774	1222	606	0.49266565503287807	0.18108244815376828	0.21047227926078013	0.1815642458100555	0.21315010165890752	-0.10233456579150359	0.12853353101433043	0.14532323234890115
216	1208.8901251738525	1222	606	0.49266565503287807	0.18108244815376828	0.21047227926078013	0.1815642458100555	0.21315010165890752	-0.11420072044298665	0.12733537419916893	0.1443886188440569
217	1213.1905424200277	1222	606	0.49266565503287807	0.18108244815376828	0.21047227926078013	0.1815642458100555	0.21315010165890752	-0.12203740332622653	0.1262920535345916	0.14345400533921257
218	1217.490959666203	1201	588	0.48204350025290843	0.17197774405665145	0.1930745015739768	0.13823529411764673	0.48203163660713794	-0.13485921508076099	0.12509242680414298	0.14251939183436832
219	1221.7913769123784	1200	588	0.4815376833586241	0.17197774405665145	0.19222689075630234	0.13823529411764673	0.47568415943616527	-0.1476810268352955	0.12389280007369431	0.141584778329524
220	1226.0917941585535	1200	588	0.4815376833586241	0.17197774405665145	0.19222689075630234	0.13823529411764673	0.47568415943616527	-0.16003648726382783	0.12271249228275137	0.14065016482467976
221	1230.3922114047286	1190	588	0.4764795144157815	0.17197774405665145	0.18365180467091288	0.13823529411764673	0.40984706248400865	-0.1740091978239837	0.12165273024134772	0.1401066463860208
222	1234.692628650904	1149	588	0.45574102175012643	0.17197774405665145	0.14761376248612645	0.13823529411764673	0.094701224147718	-0.1725566478845321	0.12152455921012345	0.13956312794736184
223	1238.9930458970794	1149	588	0.45574102175012643	0.17197774405665145	0.15982241953385135	0.13823529411764673	0.20934379008884216	-0.17403623425861361	0.12139638817889915	0.139635656201298
224	1243.2934631432545	1149	576	0.45574102175012643	0.16590794132524023	0.15982241953385135	0.10670731707317041	0.5828106933018959	-0.17513609076502756	0.12131170157654854	0.13970818445523422
225	1247.5938803894296	1131	576	0.4466363176530096	0.16590794132524023	0.14156285390713477	0.10670731707317041	0.4077836446867426	-0.17757024857645995	0.1212212095591578	0.14004919422765194
226	1251.894297635605	1131	576	0.4466363176530096	0.16590794132524023	0.17553793884484709	0.10670731707317041	0.718123765298893	-0.1823285064273819	0.12126071737141512	0.14099876210862775
227	1256.1947148817803	1121	576	0.4415781487101669	0.16590794132524023	0.16609392898052683	0.15548780487804864	0.095197909032083	-0.19070145188946222	0.12130022518367246	0.14241369795497152
228	1260.4951321279555	1121	576	0.4415781487101669	0.16590794132524023	0.16609392898052683	0.15548780487804864	0.095197909032083	-0.19907439735154245	0.12133973299592977	0.14382863380131533
229	1264.7955493741306	1110	561	0.43601416287303996	0.1583206879109762	0.1554524361948956	0.11501597444089447	0.4346389768589815	-0.20628336742856773	0.12149314163167438	0.1452435696476591
230	1269.095966620306	1109	561	0.43550834597875565	0.1583206879109762	0.15447154471544708	0.11501597444089447	0.4255068535946522	-0.21410586794775593	0.12153774696262154	0.14655619697131586
231	1273.3963838664813	1110	561	0.43601416287303996	0.1583206879109762	0.1693735498839907	0.11501597444089447	0.5583743452812261	-0.21629603785283277	0.12181690606931239	0.14732031860237296
232	1277.6968011126564	1104	561	0.43297926150733435	0.1583206879109762	0.16355140186915887	0.11501597444089447	0.5079098760341267	-0.21839497512135211	0.12210279911637668	0.1480844402334301
233	1281.9972183588316	1070	561	0.4157814871016692	0.1583206879109762	0.12895377128953767	0.11501597444089447	0.165019716371823	-0.22063964062912858	0.12236498622732714	0.1488485618644872
234	1286.297635605007	1070	561	0.4157814871016692	0.1583206879109762	0.12895377128953767	0.11501597444089447	0.165019716371823	-0.22267723803866302	0.12264173515421174	0.14961268349554432
235	1290.5980528511823	1070	541	0.4157814871016692	0.14820435002529087	0.14841849148418493	0.05460750853242339	1.4424996083034465	-0.2248132252383244	0.12291159568443784	0.15037680512660145
236	1294.8984700973574	1070	541	0.4157814871016692	0.14820435002529087	0.14841849148418493	0.05460750853242339	1.4424996083034465	-0.2209905413806106	0.1233792534646497	0.15079821391494574
237	1299.1988873435325	1070	541	0.4157814871016692	0.14820435002529087	0.1472019464720194	0.05460750853242339	1.430625508015154	-0.2141909871968622	0.12384691124486161	0.15076213887887072
238	1303.499304589708	1070	541	0.4157814871016692	0.14820435002529087	0.16666666666666666	0.05460750853242339	1.609794353701087	-0.20777737413729963	0.12431456902507348	0.1507784595473653
239	1307.7997218358832	1055	541	0.40819423368740515	0.14820435002529087	0.15117719950433706	0.05460750853242339	1.4690693287073493	-0.20136376107773704	0.12478222680528538	0.15079478021585987
240	1312.1001390820584	1054	541	0.40768841679312084	0.14820435002529087	0.16253101736972705	0.05460750853242339	1.5735438274317262	-0.1949433497688586	0.12553077222235828	0.15121200895232695
241	1316.4005563282335	1055	541	0.40819423368740515	0.14820435002529087	0.16356877323420083	0.05460750853242339	1.582726110502917	-0.1865005457363262	0.12636902703257571	0.15162923768879405
242	1320.7009735744089	1054	541	0.40768841679312084	0.14820435002529087	0.16253101736972705	0.05460750853242339	1.5735438274317262	-0.17787074392816557	0.12721485152427586	0.15204646642526112
243	1325.0013908205842	1027	541	0.3940313606474456	0.14820435002529087	0.1335044929396663	0.05460750853242339	1.2897170545016665	-0.17340511979240145	0.1284706487086871	0.1533278401494266
244	1329.3018080667593	1027	541	0.3940313606474456	0.14820435002529087	0.1335044929396663	0.05460750853242339	1.2897170545016665	-0.16595343438446356	0.1297264458930983	0.1541459875428322
245	1333.6022253129345	1017	541	0.388973191704603	0.14820435002529087	0.12223667100130062	0.05460750853242339	1.1625059181380568	-0.15652389520917834	0.13131214577420655	0.15496413493623784
246	1337.9026425591098	1017	541	0.388973191704603	0.14820435002529087	0.12353706111833554	0.05460750853242339	1.1777726747913648	-0.15095465967298277	0.13289784565531482	0.156014128093925
247	1342.2030598052852	1017	541	0.388973191704603	0.14820435002529087	0.14564369310793257	0.05460750853242339	1.4152719885180225	-0.1446236884770922	0.13459050746791157	0.15706412125161212
248	1346.5034770514603	1017	541	0.388973191704603	0.14820435002529087	0.14564369310793257	0.05460750853242339	1.4152719885180225	-0.13602215066648385	0.13635430581713218	0.1581141144092993
249	1350.8038942976355	1017	541	0.388973191704603	0.14820435002529087	0.14564369310793257	0.05460750853242339	1.4152719885180225	-0.12446293177305116	0.13821243145402295	0.15877651066776158
250	1355.1043115438108	1017	541	0.388973191704603	0.14820435002529087	0.14564369310793257	0.05460750853242339	1.4152719885180225	-0.11100531679703331	0.14014504037944775	0.15943890692622395
251	1359.4047287899862	1017	541	0.388973191704603	0.14820435002529087	0.14564369310793257	0.05460750853242339	1.4152719885180225	-0.09386494804248052	0.14208706715078048	0.15967062945055316
252	1363.7051460361613	1016	541	0.3884673748103187	0.14820435002529087	0.1445312500000001	0.05460750853242339	1.4042102200511941	-0.083351229665229	0.14316997498443015	0.15990235197488242
253	1368.0055632823364	1005	541	0.38290338897319165	0.14820435002529087	0.13210039630118886	0.05460750853242339	1.2744635542112357	-0.07023556055796211	0.14391493359289026	0.15952092403531495
254	1372.3059805285118	1005	541	0.38290338897319165	0.14820435002529087	0.13210039630118886	0.05460750853242339	1.2744635542112357	-0.06517168991045849	0.14474910109372444	0.15986021681646817
255	1376.6063977746871	1006	541	0.38340920586747596	0.14820435002529087	0.13324538258575203	0.05460750853242339	1.2869142990029465	-0.05509859380941254	0.14591359892488892	0.15994111166480487
256	1380.9068150208623	976	541	0.3682346990389479	0.14820435002529087	0.09752747252747263	0.05460750853242339	0.8367093337282303	-0.04708711763220018	0.14692794660590328	0.16002200651314158
257	1385.2072322670374	976	525	0.3682346990389479	0.14011127971674253	0.09752747252747263	0.0		-0.03576857274076518	0.14855790990253323	0.16010290136147828
258	1389.5076495132128	976	525	0.3682346990389479	0.14011127971674253	0.09752747252747263	0.0		-0.025461035716892434	0.15010445644907977	0.16018379620981502
259	1393.808066759388	976	525	0.3682346990389479	0.14011127971674253	0.11126373626373615	0.018050541516245203	2.6238694338477755	-0.01378877246677705	0.15176201339627088	0.16026469105815172
260	1398.1084840055632	976	525	0.3682346990389479	0.14011127971674253	0.11126373626373615	0.10469314079422345	0.0878165336075484	-0.005459506298583927	0.15332641316189016	0.16069826416614344
261	1402.4089012517384	964	525	0.3621648963075367	0.14011127971674253	0.09636871508379878	0.10469314079422345	-0.11953014956446764	0.002769953363029917	0.1548823440928211	0.16113183727413513
262	1406.7093184979137	964	525	0.3621648963075367	0.14011127971674253	0.10335195530726266	0.10469314079422345	-0.018601240713684103	0.011099219531223036	0.15644674385844037	0.16156541038212685
263	1411.009735744089	964	525	0.3621648963075367	0.14011127971674253	0.10335195530726266	0.10469314079422345	-0.018601240713684103	0.019802673050444572	0.15804228595757958	0.16199898349011857
264	1415.3101529902642	964	525	0.3621648963075367	0.14011127971674253	0.10335195530726266	0.10469314079422345	-0.018601240713684103	0.025319000920861444	0.1593394044312894	0.16243255659811026
265	1419.6105702364393	948	525	0.35407182599898834	0.14011127971674253	0.08285714285714288	0.10469314079422345	-0.3374689457831349	0.03083532879127833	0.16063652290499927	0.16286612970610198
266	1423.9109874826147	948	525	0.35407182599898834	0.14011127971674253	0.08285714285714288	0.16606498194945857	-1.0030499067125815	0.0356009861473944	0.1619336413787091	0.16346505743818188
267	1428.21140472879	949	525	0.35457764289327265	0.14011127971674253	0.0841654778887305	0.16967509025270794	-1.0114742702772321	0.040366643503510484	0.163230759852419	0.1640639851702618
268	1432.5118219749652	933	525	0.3464845725847243	0.14011127971674253	0.06277372262773727	0.16967509025270794	-1.4345421087742423	0.043719549175942896	0.1645278783261288	0.16484824708580864
269	1436.8122392211403	933	525	0.3464845725847243	0.14011127971674253	0.06277372262773727	0.16967509025270794	-1.4345421087742423	0.04570118074350697	0.1660502220250639	0.16612800449685095
270	1441.1126564673157	923	525	0.3414264036418816	0.14011127971674253	0.04888888888888884	0.16967509025270794	-1.7951962582081933	0.04567757063565189	0.16729611239166414	0.16745280695293832
271	1445.413073713491	923	525	0.3414264036418816	0.14011127971674253	0.04888888888888884	0.16967509025270794	-1.7951962582081933	0.04558096789809589	0.1685334469745546	0.1687776094090257
272	1449.7134909596662	923	525	0.3414264036418816	0.14011127971674253	0.04888888888888884	0.16967509025270794	-1.7951962582081933	0.04555735779024081	0.16977933734115483	0.17010241186511307
273	1454.0139082058413	923	525	0.3414264036418816	0.14011127971674253	0.04888888888888884	0.2274368231046929	-2.217887330030468	0.04169636682335965	0.17067136200336983	0.17195194958277782
274	1458.3143254520166	923	525	0.3414264036418816	0.14011127971674253	0.04888888888888884	0.2274368231046929	-2.217887330030468	0.03601323271265773	0.17133238050542052	0.17380148730044256
275	1462.614742698192	923	525	0.3414264036418816	0.14011127971674253	0.04888888888888884	0.2274368231046929	-2.217887330030468	0.02849983780674474	0.17166953518546973	0.17565102501810728
276	1466.9151599443671	922	525	0.3409205867475974	0.14011127971674253	0.06824925816023741	0.2274368231046929	-1.7365805825755716	0.020375004038494182	0.17192113202842102	0.17750056273577203
277	1471.2155771905423	905	525	0.33232169954476476	0.14011127971674253	0.04414003044140015	0.2274368231046929	-2.3653063226454893	0.010653875271006544	0.17192725383917887	0.17935010045343677
278	1475.5159944367176	905	525	0.33232169954476476	0.14011127971674253	0.04414003044140015	0.2274368231046929	-2.3653063226454893	0.0010305504450153495	0.1719475117270595	0.18119963817110152
279	1479.816411682893	905	525	0.33232169954476476	0.14011127971674253	0.04566210045662096	0.2274368231046929	-2.316396722164539	-0.013093045793764866	0.17181795829634	0.183410250486203
280	1484.116828929068	905	525	0.33232169954476476	0.14011127971674253	0.04414003044140015	0.27436823104693137	-2.6359539125891596	-0.027162849853130052	0.17169546828910118	0.18562086280130446
281	1488.4172461752432	905	525	0.33232169954476476	0.14011127971674253	0.15525114155251127	0.27436823104693137	-0.8215095657452323	-0.03775413891682557	0.17205986966763015	0.18783147511640594
282	1492.7176634214186	905	525	0.33232169954476476	0.14011127971674253	0.15525114155251127	0.33212996389891714	-1.0971440083586605	-0.04790448478198613	0.17247700350511033	0.1900420874315074
283	1497.018080667594	905	525	0.33232169954476476	0.14011127971674253	0.15525114155251127	0.33212996389891714	-1.0971440083586605	-0.0553841032036188	0.1731944543607971	0.1922526997466089
284	1501.318497913769	905	525	0.33232169954476476	0.14011127971674253	0.15525114155251127	0.33212996389891714	-1.0971440083586605	-0.06169389852196995	0.17382889299951315	0.19395020132788657
285	1505.6189151599442	905	525	0.33232169954476476	0.14011127971674253	0.15525114155251127	0.33212996389891714	-1.0971440083586605	-0.07066577036578106	0.17454589687140404	0.19591043605120154
286	1509.9193324061196	905	525	0.33232169954476476	0.14011127971674253	0.15525114155251127	0.33212996389891714	-1.0971440083586605	-0.07815436213658242	0.1754150637901842	0.1978706707745165
287	1514.219749652295	905	525	0.33232169954476476	0.14011127971674253	0.15525114155251127	0.33212996389891714	-1.0971440083586605	-0.0900823167106415	0.1757192633399501	0.19983090549783147
288	1518.52016689847	905	525	0.33232169954476476	0.14011127971674253	0.15525114155251127	0.33212996389891714	-1.0971440083586605	-0.09658122164063054	0.17612397798064466	0.20138463615610583
289	1522.8205841446452	895	520	0.32726353060192215	0.13758219524532123	0.1421947449768161	0.31985294117647095	-1.1695406005338849	-0.10293192803901922	0.17655050763006522	0.20293836681438016
290	1527.1210013908205	895	496	0.32726353060192215	0.12544258978249878	0.1421947449768161	0.2540322580645166	-0.8371435590485384	-0.10657830586319084	0.17752383156927878	0.20424180512261075
291	1531.421418636996	895	496	0.32726353060192215	0.12544258978249878	0.1421947449768161	0.2540322580645166	-0.8371435590485384	-0.11014729281224105	0.17850532960415444	0.2055452434308414
292	1535.721835883171	890	496	0.32473444613050073	0.12544258978249878	0.13551401869158863	0.2540322580645166	-0.9065696043866204	-0.11269179585824708	0.17979894443714564	0.20684868173907206
293	1540.0222531293462	890	496	0.32473444613050073	0.12544258978249878	0.13551401869158863	0.2540322580645166	-0.9065696043866204	-0.11480863391063366	0.18114107717026037	0.20815212004730263
294	1544.3226703755215	890	496	0.32473444613050073	0.12544258978249878	0.13551401869158863	0.2540322580645166	-0.9065696043866204	-0.1140196231523227	0.1827715234915387	0.20945555835553328
295	1548.6230876216969	890	496	0.32473444613050073	0.12544258978249878	0.13551401869158863	0.2540322580645166	-0.9065696043866204	-0.11706546158636358	0.18440196981281698	0.2115923299970973
296	1552.923504867872	890	479	0.32473444613050073	0.11684370257966614	0.13551401869158863	0.19913419913419927	-0.5552989059145328	-0.12997397761646154	0.1858702101324732	0.2139979639434067
297	1557.2239221140471	890	478	0.32473444613050073	0.11633788568538184	0.13551401869158863	0.19565217391304335	-0.529849036658875	-0.14288249364655953	0.18733845045212943	0.21640359788971608
298	1561.5243393602225	890	478	0.32473444613050073	0.11633788568538184	0.13551401869158863	0.19565217391304335	-0.529849036658875	-0.15569038170811259	0.18881682864688704	0.21880923183602546
299	1565.8247566063978	890	478	0.32473444613050073	0.11633788568538184	0.16043613707165105	0.19565217391304335	-0.28629200532438365	-0.16880915114347791	0.18990296246462848	0.22072544297765911
300	1570.125173852573	890	478	0.32473444613050073	0.11633788568538184	0.16043613707165105	0.19565217391304335	-0.28629200532438365	-0.1805600593512353	0.1911021688622016	0.22259278477814026
301	1574.425591098748	890	478	0.32473444613050073	0.11633788568538184	0.16043613707165105	0.19565217391304335	-0.28629200532438365	-0.19319634466682645	0.19220676011089655	0.22446012657862144
302	1578.7260083449235	890	478	0.32473444613050073	0.11633788568538184	0.20872274143302183	0.2565217391304343	-0.2974932950819939	-0.20591044594064797	0.19330270339405414	0.2263274683791026
303	1583.0264255910988	890	462	0.32473444613050073	0.10824481537683361	0.20872274143302183	0.20093457943925241	0.05486193503451779	-0.20988744376809224	0.19440729464274906	0.2270161966576723
304	1587.326842837274	890	462	0.32473444613050073	0.10824481537683361	0.24922118380062291	0.20093457943925241	0.3107008394641069	-0.21145912996053595	0.1957537735950278	0.22770492493624198
305	1591.627260083449	890	462	0.32473444613050073	0.10824481537683361	0.24922118380062291	0.20093457943925241	0.3107008394641069	-0.21303081615297964	0.1971002525473065	0.22839365321481167
306	1595.9276773296244	876	462	0.317653009610521	0.10824481537683361	0.26114649681528657	0.20093457943925241	0.37813348742550473	-0.2135244418677657	0.19854063001573832	0.22908238149338137
307	1600.2280945757998	876	462	0.317653009610521	0.10824481537683361	0.2595541401273887	0.20093457943925241	0.36930963703849995	-0.2141474468762238	0.19997017089986147	0.22977110977195103
308	1604.528511821975	876	462	0.317653009610521	0.10824481537683361	0.2914012738853503	0.20093457943925241	0.5362813210914639	-0.2167831579332129	0.201215489850738	0.23045983805052073
309	1608.82892906815	875	462	0.3171471927162367	0.10824481537683361	0.29027113237639546	0.20093457943925241	0.5306752390957055	-0.21941886899020202	0.2024608088016145	0.23114856632909042
310	1613.1293463143254	876	449	0.317653009610521	0.10166919575113809	0.2914012738853503	0.14925373134328343	0.9652401849628269	-0.2220545800471911	0.20370612775249106	0.2318372946076601
311	1617.4297635605008	803	449	0.28072837632776937	0.10166919575113809	0.19819819819819823	0.14925373134328343	0.40917684785760305	-0.22715661818383318	0.20450223423149355	0.23252602288622978
312	1621.730180806676	803	433	0.28072837632776937	0.09357612544258975	0.19819819819819823	0.07567567567567522	1.3890422907459081	-0.2321463645082517	0.20531688478501742	0.23321475116479948
313	1626.030598052851	803	433	0.28072837632776937	0.09357612544258975	0.19819819819819823	0.16216216216216203	0.2895066171949863	-0.23704236703210393	0.206140805697774	0.23390347944336914
314	1630.3310152990264	803	433	0.28072837632776937	0.09357612544258975	0.23783783783783796	0.16216216216216203	0.5525410230287806	-0.2409511133525868	0.20704977298349939	0.2345922077219388
315	1634.6314325452017	803	433	0.28072837632776937	0.09357612544258975	0.23783783783783796	0.16216216216216203	0.5525410230287806	-0.2478995468479572	0.2075163344667784	0.23528093600050853
316	1638.9318497913769	803	433	0.28072837632776937	0.09357612544258975	0.3117117117117116	0.16216216216216203	0.9427751313070505	-0.24920712305247228	0.2089137932691594	0.2359696642790782
317	1643.232267037552	803	433	0.28072837632776937	0.09357612544258975	0.3117117117117116	0.16216216216216203	0.9427751313070505	-0.24852793976189436	0.21026053276996864	0.23665839255764787
318	1647.5326842837273	803	433	0.28072837632776937	0.09357612544258975	0.3117117117117116	0.16216216216216203	0.9427751313070505	-0.2388509127881566	0.2115866927211286	0.2378021834073211
319	1651.8331015299027	803	433	0.28072837632776937	0.09357612544258975	0.3117117117117116	0.24324324324324306	0.3578126305858942	-0.22945218635526063	0.21289213546678873	0.23894597425699432
320	1656.1335187760778	803	433	0.28072837632776937	0.09357612544258975	0.3117117117117116	0.24324324324324306	0.3578126305858942	-0.25647903436744396	0.2136136187197468	0.24132823281625437
321	1660.433936022253	803	433	0.28072837632776937	0.09357612544258975	0.3117117117117116	0.24324324324324306	0.3578126305858942	-0.2623721082109588	0.21433510197270486	0.2429884697148646
322	1664.7343532684283	803	433	0.28072837632776937	0.09357612544258975	0.3117117117117116	0.24324324324324306	0.3578126305858942	-0.27107365035536884	0.21466252030307892	0.2446487066134748
323	1669.0347705146037	803	433	0.28072837632776937	0.09357612544258975	0.3117117117117116	0.24324324324324306	0.3578126305858942	-0.280616266740202	0.2149317449649241	0.24630894351208502
324	1673.3351877607788	803	433	0.28072837632776937	0.09357612544258975	0.3117117117117116	0.24324324324324306	0.3578126305858942	-0.2901588831250353	0.21520096962676927	0.2479691804106953
325	1677.635605006954	803	433	0.28072837632776937	0.09357612544258975	0.3117117117117116	0.27567567567567547	0.1772403849440734	-0.3010822329145005	0.21547019428861441	0.2499376466616525
326	1681.9360222531293	803	433	0.28072837632776937	0.09357612544258975	0.3117117117117116	0.27567567567567547	0.1772403849440734	-0.30974256611820666	0.21591020905421054	0.2520008098823067
327	1686.2364394993047	803	433	0.28072837632776937	0.09357612544258975	0.3117117117117116	0.27567567567567547	0.1772403849440734	-0.3128563913141674	0.21635022381980676	0.25355254109333397
328	1690.5368567454798	803	433	0.28072837632776937	0.09357612544258975	0.3387387387387386	0.3351351351351345	0.015430040569608186	-0.31590001348042274	0.21677933579347297	0.2550741880685008
329	1694.837273991655	787	433	0.27263530601922104	0.09357612544258975	0.32096474953617804	0.3405405405405403	-0.08541169809938443	-0.31541807032586966	0.21738671239431417	0.2565958350436676
330	1699.1376912378303	787	433	0.27263530601922104	0.09357612544258975	0.32096474953617804	0.3405405405405403	-0.08541169809938443	-0.3149361271713166	0.21799408899515538	0.25811748201883444
331	1703.4381084840056	787	433	0.27263530601922104	0.09357612544258975	0.32096474953617804	0.3405405405405403	-0.08541169809938443	-0.31144873277148055	0.21871717254382037	0.2596391289940013
332	1707.7385257301808	756	419	0.2569549822964087	0.08649468892261003	0.27952755905511795	0.40350877192982404	-0.5296095091597539	-0.3079613383716445	0.21944025609248527	0.26116077596916815
333	1712.0389429763559	756	419	0.2569549822964087	0.08649468892261003	0.27952755905511795	0.40350877192982404	-0.5296095091597539	-0.3044739439718086	0.22016333964115023	0.26268242294433497
334	1716.3393602225312	730	419	0.24380374304501773	0.08649468892261003	0.24066390041493776	0.40350877192982404	-0.7455802829946587	-0.2974641239734536	0.2208864231898152	0.2637227221457353
335	1720.6397774687066	730	419	0.24380374304501773	0.08649468892261003	0.24066390041493776	0.40350877192982404	-0.7455802829946587	-0.29045430397509864	0.22160950673848012	0.2647630213471356
336	1724.9401947148817	712	419	0.2346990389479009	0.08649468892261003	0.2112068965517242	0.40350877192982404	-0.9339430929046328	-0.28344448397674366	0.22233259028714505	0.26580332054853584
337	1729.2406119610569	713	419	0.2352048558421851	0.08649468892261003	0.2129032258064514	0.40350877192982404	-0.9224022278080547	-0.28044555354051276	0.22289433742521544	0.26684361974993615
338	1733.5410292072322	693	419	0.22508851795649976	0.08649468892261003	0.1775280898876404	0.40350877192982404	-1.184552719568927	-0.27220724193703266	0.22365699479427611	0.26788391895133645
339	1737.8414464534076	693	419	0.22508851795649976	0.08649468892261003	0.1775280898876404	0.40350877192982404	-1.184552719568927	-0.2639689303335525	0.2244196521633368	0.26892421815273676
340	1742.1418636995827	693	419	0.22508851795649976	0.08649468892261003	0.2359550561797755	0.40350877192982404	-0.7740879500799055	-0.25613819873408034	0.22516962561560397	0.269964517354137
341	1746.4422809457578	693	419	0.22508851795649976	0.08649468892261003	0.2337078651685394	0.40350877192982404	-0.7878937496049369	-0.24564449054773624	0.22593228298466467	0.270613721489352
342	1750.7426981919332	693	419	0.22508851795649976	0.08649468892261003	0.2337078651685394	0.40350877192982404	-0.7878937496049369	-0.2560183175799903	0.22576901442779942	0.27306216804880934
343	1755.0431154381085	693	403	0.22508851795649976	0.0784016186140617	0.2359550561797755	0.34193548387096695	-0.5352120574765944	-0.26433326719210554	0.22560574587093415	0.2751239638041972
344	1759.3435326842837	671	403	0.2139605462822458	0.0784016186140617	0.24586288416075658	0.34193548387096695	-0.4758701842678155	-0.2726482168042208	0.2254424773140689	0.27718575955958497
345	1763.6439499304588	671	403	0.2139605462822458	0.0784016186140617	0.24586288416075658	0.34193548387096695	-0.4758701842678155	-0.2806709918143856	0.22530701895943248	0.27924755531497275
346	1767.9443671766342	630	403	0.19322205361659084	0.0784016186140617	0.2120418848167542	0.34193548387096695	-0.6893748744400805	-0.27380987402829926	0.22401325944649486	0.2813093510703606
347	1772.2447844228095	630	403	0.19322205361659084	0.0784016186140617	0.21465968586387424	0.34193548387096695	-0.671672872706624	-0.26683246611024536	0.2227194999335573	0.2833711468257484
348	1776.5452016689846	630	403	0.19322205361659084	0.0784016186140617	0.21727748691099485	0.34193548387096695	-0.6541854459777815	-0.2597357862619683	0.22142574042061966	0.28685339712659075
349	1780.8456189151598	630	388	0.19322205361659084	0.07081436519979767	0.27225130890052357	0.27142857142857063	0.004366393606728862	-0.3134855161105384	0.22016935011545488	0.2903356474274331
350	1785.1460361613351	630	388	0.19322205361659084	0.07081436519979767	0.27225130890052357	0.27142857142857063	0.004366393606728862	-0.3232472743465219	0.22014283934827142	0.2934213799598827
351	1789.4464534075105	630	388	0.19322205361659084	0.07081436519979767	0.3246073298429323	0.27142857142857063	0.25812298585251325	-0.3358500329370809	0.22011632858108796	0.2970556181849319
352	1793.7468706536856	630	388	0.19322205361659084	0.07081436519979767	0.3246073298429323	0.27142857142857063	0.25812298585251325	-0.34845279152763997	0.22008981781390446	0.30068985640998114
353	1798.0472878998607	630	388	0.19322205361659084	0.07081436519979767	0.3246073298429323	0.27142857142857063	0.25812298585251325	-0.36046216511530954	0.22011897976576453	0.30432409463503035
354	1802.347705146036	630	388	0.19322205361659084	0.07081436519979767	0.3246073298429323	0.37142857142857155	-0.1943892188449982	-0.3724715387029791	0.22014814171762462	0.3079583328600795
355	1806.6481223922115	630	382	0.19322205361659084	0.06777946383409206	0.3246073298429323	0.3432835820895524	-0.08070528324811313	-0.38317305999752216	0.2201773036694847	0.31101381116931204
356	1810.9485396383866	630	382	0.19322205361659084	0.06777946383409206	0.3246073298429323	0.3432835820895524	-0.08070528324811313	-0.3937416667319412	0.22020646562134477	0.31401383474976857
357	1815.2489568845617	630	382	0.19322205361659084	0.06777946383409206	0.3246073298429323	0.3432835820895524	-0.08070528324811313	-0.39837409405489843	0.2214688114297071	0.31747134215464434
358	1819.549374130737	615	371	0.1856348002023268	0.06221547799696514	0.2970027247956407	0.28455284552845594	0.06177956032798557	-0.3984839659725396	0.22385223347125327	0.3209578664363632
359	1823.8497913769124	614	370	0.1851289833080425	0.061709661102680835	0.295081967213115	0.2786885245901642	0.08246216019197297	-0.3984633527905798	0.22627302472057226	0.3244443907180819
360	1828.1502086230876	614	370	0.1851289833080425	0.061709661102680835	0.295081967213115	0.2786885245901642	0.08246216019197297	-0.40052442363711993	0.22848613165005735	0.3279309149998007
361	1832.4506258692627	614	370	0.1851289833080425	0.061709661102680835	0.295081967213115	0.2786885245901642	0.08246216019197297	-0.40258549448366004	0.23069923857954247	0.33141743928151945
362	1836.751043115438	614	350	0.1851289833080425	0.0515933232169955	0.295081967213115	0.13725490196078546	1.104258083793307	-0.40464656533020016	0.2329123455090276	0.3349039635632382
363	1841.0514603616134	614	350	0.1851289833080425	0.0515933232169955	0.295081967213115	0.13725490196078546	1.104258083793307	-0.40661189865744446	0.23472306406883464	0.33788324146814547
364	1845.3518776077885	614	350	0.1851289833080425	0.0515933232169955	0.295081967213115	0.13725490196078546	1.104258083793307	-0.41158881514807777	0.23653378262864166	0.3413257457038125
365	1849.6522948539637	614	350	0.1851289833080425	0.0515933232169955	0.295081967213115	0.13725490196078546	1.104258083793307	-0.41875238894152805	0.2380070141687187	0.3447682499394796
366	1853.952712100139	614	350	0.1851289833080425	0.0515933232169955	0.295081967213115	0.13725490196078546	1.104258083793307	-0.42591596273497845	0.23948024570879572	0.3482107541751465
367	1858.2531293463144	614	350	0.1851289833080425	0.0515933232169955	0.295081967213115	0.13725490196078546	1.104258083793307	-0.4336558839469022	0.2408540996404172	0.35165325841081363
368	1862.5535465924895	614	350	0.1851289833080425	0.0515933232169955	0.295081967213115	0.13725490196078546	1.104258083793307	-0.44132038763415066	0.24224122321110453	0.35509576264648063
369	1866.8539638386646	614	350	0.1851289833080425	0.0515933232169955	0.295081967213115	0.13725490196078546	1.104258083793307	-0.45041199973210827	0.24336295400047547	0.3585382668821477
370	1871.15438108484	588	350	0.17197774405665145	0.0515933232169955	0.2411764705882353	0.13725490196078546	0.8132314883942614	-0.459455696599333	0.2444941026357544	0.36198077111781474
371	1875.4547983310154	589	350	0.17248356095093575	0.0515933232169955	0.24340175953079196	0.13725490196078546	0.8264819222366327	-0.4722136237731142	0.24561583342512533	0.36585394908761487
372	1879.7552155771905	589	350	0.17248356095093575	0.0515933232169955	0.24340175953079196	0.13725490196078546	0.8264819222366327	-0.4755665607475021	0.24751425651188924	0.368118939922912
373	1884.0556328233656	588	350	0.17197774405665145	0.0515933232169955	0.2411764705882353	0.13725490196078546	0.8132314883942614	-0.4868274480322442	0.24941267959865315	0.3708666876706598
374	1888.356050069541	567	350	0.1613555892766818	0.0515933232169955	0.18808777429467066	0.13725490196078546	0.45454840175752703	-0.48869059451740576	0.25131110268541706	0.37289371469768684
375	1892.6564673157163	567	350	0.1613555892766818	0.0515933232169955	0.3009404388714731	0.13725490196078546	1.132620306870165	-0.49280189831738613	0.25287919544185056	0.37492074172471385
376	1896.9568845618915	549	350	0.15225088517956498	0.0515933232169955	0.25913621262458447	0.13725490196078546	0.9168529620164243	-0.49691320211736656	0.25444728819828416	0.3769477687517408
377	1901.2573018080666	548	350	0.15174506828528078	0.0515933232169955	0.25666666666666677	0.13725490196078546	0.9030382701129004	-0.5043598401761356	0.2553997653391021	0.37897479577876786
378	1905.557719054242	547	350	0.15123925139099648	0.0515933232169955	0.2541806020066889	0.13725490196078546	0.8889962591593595	-0.5168351416544389	0.25635224247992006	0.37762344442741647
379	1909.8581363004173	526	350	0.14061709661102684	0.0515933232169955	0.19784172661870503	0.30392156862745107	-0.6193523276142279	-0.5295274048975822	0.257283173410851	0.3762720930760651
380	1914.1585535465924	526	350	0.14061709661102684	0.0515933232169955	0.19784172661870503	0.30392156862745107	-0.6193523276142279	-0.5373110894193672	0.2574633535910312	0.37424506604903807
381	1918.4589707927676	506	350	0.1305007587253414	0.0515933232169955	0.13565891472868177	0.30392156862745107	-1.1637152068936718	-0.5452325382689711	0.25764353377121135	0.37221803902201106
382	1922.759388038943	506	350	0.1305007587253414	0.0515933232169955	0.13565891472868177	0.30392156862745107	-1.1637152068936718	-0.5532954415623182	0.25782371395139153	0.370191011994984
383	1927.0598052851183	506	350	0.1305007587253414	0.0515933232169955	0.13565891472868177	0.30392156862745107	-1.1637152068936718	-0.5615036223924823	0.2580038941315717	0.368163984967957
384	1931.3602225312934	506	336	0.1305007587253414	0.04451188669701567	0.13565891472868177	0.3409090909090906	-1.329403215449512	-0.5698610428741039	0.25818407431175194	0.36613695794093
385	1935.6606397774685	506	336	0.1305007587253414	0.04451188669701567	0.13565891472868177	0.3522727272727278	-1.3767089302278719	-0.5783718105205259	0.25836425449193207	0.364109930913903
386	1939.961057023644	506	336	0.1305007587253414	0.04451188669701567	0.13565891472868177	0.3522727272727278	-1.3767089302278719	-0.5853682197377906	0.25854443467211224	0.3618126336166057
387	1944.2614742698192	506	336	0.1305007587253414	0.04451188669701567	0.13565891472868177	0.3522727272727278	-1.3767089302278719	-0.5924954029591165	0.2575715750200073	0.3595153363193084
388	1948.5618915159944	506	336	0.1305007587253414	0.04451188669701567	0.13565891472868177	0.3522727272727278	-1.3767089302278719	-0.5997570613355617	0.2550385769056139	0.3572180390220111
389	1952.8623087621695	506	336	0.1305007587253414	0.04451188669701567	0.13565891472868177	0.3522727272727278	-1.3767089302278719	-0.605615986115611	0.25221575408279107	0.3544252462292183
390	1957.1627260083449	506	336	0.1305007587253414	0.04451188669701567	0.13565891472868177	0.3522727272727278	-1.3767089302278719	-0.6106179504234592	0.2495410478366562	0.3515874083913805
391	1961.4631432545202	506	336	0.1305007587253414	0.04451188669701567	0.13565891472868177	0.3522727272727278	-1.3767089302278719	-0.6157170402518484	0.24686634159052137	0.34874957055354266
392	1965.7635605006953	506	336	0.1305007587253414	0.04451188669701567	0.13565891472868177	0.3522727272727278	-1.3767089302278719	-0.6209161122337352	0.2441916353443866	0.3459117327157048
393	1970.0639777468705	506	336	0.1305007587253414	0.04451188669701567	0.13565891472868177	0.3522727272727278	-1.3767089302278719	-0.6218201380067451	0.24186223901892726	0.3425491596162896
394	1974.3643949930458	506	336	0.1305007587253414	0.04451188669701567	0.13565891472868177	0.3522727272727278	-1.3767089302278719	-0.622742244295215	0.23953284269346795	0.33918658651687433
395	1978.6648122392212	506	336	0.1305007587253414	0.04451188669701567	0.13565891472868177	0.3522727272727278	-1.3767089302278719	-0.6215014560255236	0.23752731019001014	0.3358240134174591
396	1982.9652294853963	506	336	0.1305007587253414	0.04451188669701567	0.13565891472868177	0.3522727272727278	-1.3767089302278719	-0.6202353455462466	0.2355217776865523	0.3324614403180439
397	1987.2656467315715	506	336	0.1305007587253414	0.04451188669701567	0.13565891472868177	0.3522727272727278	-1.3767089302278719	-0.6170012450580158	0.23376172021528793	0.32909886721862874
398	1991.5660639777468	506	336	0.1305007587253414	0.04451188669701567	0.13565891472868177	0.3522727272727278	-1.3767089302278719	-0.6138199848210363	0.23198752666690084	0.32573629411921357
399	1995.8664812239222	506	336	0.1305007587253414	0.04451188669701567	0.13565891472868177	0.3522727272727278	-1.3767089302278719	-0.6078122718236901	0.23050812591783718	0.32237372101979833
400	2000.1668984700973	506	336	0.1305007587253414	0.04451188669701567	0.13565891472868177	0.3522727272727278	-1.3767089302278719	-0.6016767351455493	0.22902872516877348	0.31901114792038315
401	2004.4673157162724	506	336	0.1305007587253414	0.04451188669701567	0.13565891472868177	0.5681818181818169	-2.066368809615716	-0.5998228511139971	0.22706243303394208	0.3156485748209679
402	2008.7677329624478	506	336	0.1305007587253414	0.04451188669701567	0.13565891472868177	0.579545454545454	-2.094937961812489	-0.5977786022173565	0.22511486749087087	0.31228600172155274
403	2013.0681502086231	506	336	0.1305007587253414	0.04451188669701567	0.13565891472868177	0.579545454545454	-2.094937961812489	-0.5956894247735368	0.22316730194779974	0.30892342862213756
404	2017.3685674547983	507	336	0.1310065756196257	0.04451188669701567	0.13899613899613883	0.579545454545454	-2.0598770095784404	-0.5963613955212806	0.22120100981296828	0.30607396625654615
405	2021.6689847009734	471	336	0.11279716742539203	0.04451188669701567	0.0	0.579545454545454		-0.5977152293555893	0.21915215244496195	0.30322450389095473
406	2025.9694019471488	471	336	0.11279716742539203	0.04451188669701567	0.0	0.579545454545454		-0.5990998321406775	0.21710329507695564	0.3003750415253634
407	2030.269819193324	471	336	0.11279716742539203	0.04451188669701567	0.0	0.7499999999999993		-0.5980621879763166	0.21533627937014937	0.297525579159772
408	2034.5702364394992	471	336	0.11279716742539203	0.04451188669701567	0.004484304932735749	0.7499999999999993	-7.385862400641356	-0.5972062497817782	0.21354744865461708	0.2946761167941806
409	2038.8706536856744	471	319	0.11279716742539203	0.03591299949418314	0.13901345291479836	0.6901408450704222	-2.3116663141439533	-0.5965359062971193	0.2117368029303588	0.2918266544285892
410	2043.1710709318497	471	319	0.11279716742539203	0.03591299949418314	0.13901345291479836	0.6901408450704222	-2.3116663141439533	-0.6036895051054985	0.2094680420228544	0.28956474966668444
411	2047.471488178025	471	319	0.11279716742539203	0.03591299949418314	0.13901345291479836	0.6901408450704222	-2.3116663141439533	-0.6110154797887783	0.20719928111535008	0.28730284490477964
412	2051.7719054242	471	319	0.11279716742539203	0.03591299949418314	0.13901345291479836	0.6901408450704222	-2.3116663141439533	-0.6216147293697696	0.20449422003332565	0.2850409401428749
413	2056.0723226703753	471	319	0.11279716742539203	0.03591299949418314	0.13901345291479836	0.6901408450704222	-2.3116663141439533	-0.6324756888169584	0.2017891589513012	0.28277903538097016
414	2060.372739916551	471	306	0.11279716742539203	0.029337379868487612	0.13901345291479836	0.620689655172413	-2.1586475958481666	-0.6436081722503266	0.19908409786927675	0.28051713061906547
415	2064.673157162726	471	305	0.11279716742539203	0.028831562974203306	0.13901345291479836	0.6140350877192969	-2.1430965923136496	-0.6492944881162169	0.1963790367872523	0.2774218925238273
416	2068.973574408901	471	305	0.11279716742539203	0.028831562974203306	0.2869955156950672	0.6140350877192969	-1.0972929027005267	-0.6565840933068336	0.19367397570522787	0.2745611960064144
417	2073.2739916550763	471	305	0.11279716742539203	0.028831562974203306	0.4215246636771298	0.6140350877192969	-0.5427040510228899	-0.6640630388920119	0.19096891462320348	0.2717004994890015
418	2077.5744089012514	471	305	0.11279716742539203	0.028831562974203306	0.4260089686098656	0.6140350877192969	-0.5274372943695781	-0.6717387988346948	0.18826385354117903	0.26883980297158855
419	2081.874826147427	471	305	0.11279716742539203	0.028831562974203306	0.4260089686098656	0.6140350877192969	-0.5274372943695781	-0.6815190436235306	0.1857888308345487	0.2664685292588514
420	2086.175243393602	471	305	0.11279716742539203	0.028831562974203306	0.4260089686098656	0.6140350877192969	-0.5274372943695781	-0.6918431139453616	0.18332981444110605	0.2641461248872667
421	2090.4756606397773	471	305	0.11279716742539203	0.028831562974203306	0.4260089686098656	0.6140350877192969	-0.5274372943695781	-0.7024500355088868	0.18087079804766343	0.26182372051568203
422	2094.776077885953	471	305	0.11279716742539203	0.028831562974203306	0.4260089686098656	0.6140350877192969	-0.5274372943695781	-0.7133515937825098	0.17841178165422075	0.25950131614409727
423	2099.076495132128	471	305	0.11279716742539203	0.028831562974203306	0.4260089686098656	0.6140350877192969	-0.5274372943695781	-0.7389517300863946	0.17595276526077816	0.2583575252944241
424	2103.376912378303	471	305	0.11279716742539203	0.028831562974203306	0.4260089686098656	0.6140350877192969	-0.5274372943695781	-0.7652832988561045	0.1734937488673355	0.2572137344447509
425	2107.6773296244783	471	305	0.11279716742539203	0.028831562974203306	0.4260089686098656	0.6140350877192969	-0.5274372943695781	-0.7923781015031974	0.1710347324738929	0.2560699435950777
426	2111.9777468706534	471	305	0.11279716742539203	0.028831562974203306	0.4260089686098656	0.6140350877192969	-0.5274372943695781	-0.8202698101104989	0.16857571608045027	0.2549261527454044
427	2116.278164116829	471	305	0.11279716742539203	0.028831562974203306	0.4260089686098656	0.6140350877192969	-0.5274372943695781	-0.8489941070344363	0.16611669968700765	0.2537823618957312
428	2120.578581363004	471	305	0.11279716742539203	0.028831562974203306	0.4260089686098656	0.6140350877192969	-0.5274372943695781	-0.8785888371984931	0.16365768329356503	0.252638571046058
429	2124.8789986091792	471	305	0.11279716742539203	0.028831562974203306	0.4260089686098656	0.6140350877192969	-0.5274372943695781	-0.9090941744445209	0.1611986669001224	0.2514947801963848
430	2129.179415855355	471	305	0.11279716742539203	0.028831562974203306	0.4260089686098656	0.6140350877192969	-0.5274372943695781	-0.9405528034794869	0.1587396505066798	0.25035098934671157
431	2133.47983310153	471	286	0.11279716742539203	0.01922104198280228	0.4260089686098656	0.4210526315789477	0.016883221854228057	-0.9683906493822447	0.15672984658511116	0.2492071984970384
432	2137.780250347705	471	285	0.11279716742539203	0.018715225088517973	0.4260089686098656	0.4054054054054046	0.07151847843107771	-0.9973402069890008	0.15470149858902124	0.24806340764736518
433	2142.08066759388	471	285	0.11279716742539203	0.018715225088517973	0.4260089686098656	0.4054054054054046	0.07151847843107771	-1.0272389304189293	0.15267315059293132	0.24691961679769198
434	2146.3810848400553	471	285	0.11279716742539203	0.018715225088517973	0.4260089686098656	0.4054054054054046	0.07151847843107771	-1.0579134373991492	0.15066334667136266	0.24577582594801875
435	2150.681502086231	471	285	0.11279716742539203	0.018715225088517973	0.4260089686098656	0.4054054054054046	0.07151847843107771	-1.0835483838255335	0.1490959485522404	0.24463203509834555
436	2154.981919332406	471	285	0.11279716742539203	0.018715225088517973	0.4260089686098656	0.4054054054054046	0.07151847843107771	-1.121758188837528	0.1465881115616448	0.24348824424867235
437	2159.282336578581	471	270	0.11279716742539203	0.011127971674253945	0.4260089686098656	0.0		-1.1575232967472469	0.14442864312310663	0.2423444533989991
438	2163.5827538247568	470	270	0.11229135053110773	0.011127971674253945	0.4234234234234233	0.0		-1.1943190390126064	0.14228975423421772	0.24120066254932587
439	2167.883171070932	440	270	0.09711684370257967	0.011127971674253945	0.3333333333333333	0.0		-1.2321974989793696	0.14017158255082862	0.24005687169965267
440	2172.183588317107	440	270	0.09711684370257967	0.011127971674253945	0.3333333333333333	0.0		-1.2435464836342798	0.13852290149567278	0.23752419196109062
441	2176.484005563282	440	270	0.09711684370257967	0.011127971674253945	0.3333333333333333	0.0		-1.255323731861073	0.13687422044051686	0.2349915122225285
442	2180.7844228094573	440	270	0.09711684370257967	0.011127971674253945	0.3333333333333333	0.0		-1.2570854342642923	0.13574372948444455	0.23245883248396643
443	2185.084840055633	440	270	0.09711684370257967	0.011127971674253945	0.3333333333333333	0.0		-1.2589162230362652	0.1346132385283722	0.22992615274540432
444	2189.385257301808	440	270	0.09711684370257967	0.011127971674253945	0.3333333333333333	0.0		-1.2608202433591171	0.13348274757229986	0.22739347300684223
445	2193.685674547983	440	270	0.09711684370257967	0.011127971674253945	0.3333333333333333	0.0		-1.2594205908674763	0.1323522566162275	0.22455256391593315
446	2197.9860917941587	407	270	0.08042488619119881	0.011127971674253945	0.19496855345911968	0.0		-1.2569770837974683	0.13122176566015514	0.22161695785532706
447	2202.286509040334	377	270	0.06525037936267075	0.011127971674253945	0.007751937984496678	0.0		-1.2544295977032043	0.1300912747040828	0.21868135179472104
448	2206.586926286509	376	270	0.06474456246838645	0.011127971674253945	0.0	0.0		-1.2517713513439723	0.12896078374801043	0.21574574573411495
449	2210.887343532684	376	270	0.06474456246838645	0.011127971674253945	0.0	0.0		-1.248994960702108	0.1278302927919381	0.2128101396735089
450	2215.1877607788592	376	270	0.06474456246838645	0.011127971674253945	0.0	0.0		-1.246092370485613	0.12669980183586574	0.20987453361290284
451	2219.488178025035	376	270	0.06474456246838645	0.011127971674253945	0.0	0.0		-1.2430547760730026	0.1255693108797934	0.2069389275522968
452	2223.78859527121	376	270	0.06474456246838645	0.011127971674253945	0.0	0.0		-1.2398725343074104	0.12443881992372105	0.2040033214916907
453	2228.089012517385	376	270	0.06474456246838645	0.011127971674253945	0.0	0.0		-1.2365350612361796	0.1233083289676487	0.20106771543108465
454	2232.3894297635607	376	270	0.06474456246838645	0.011127971674253945	0.0	0.0		-1.2330307145113872	0.12217783801157635	0.19813210937047857
455	2236.689847009736	376	270	0.06474456246838645	0.011127971674253945	0.0	0.0		-1.229346657698144	0.121047347055504	0.1951965033098725
456	2240.990264255911	376	270	0.06474456246838645	0.011127971674253945	0.0	0.0		-1.2254687031578881	0.11991685609943166	0.19226089724926645
457	2245.290681502086	376	270	0.06474456246838645	0.011127971674253945	0.0	0.0		-1.221381129453294	0.11878636514335932	0.18932529118866037
458	2249.591098748261	376	270	0.06474456246838645	0.011127971674253945	0.0	0.0		-1.2170664683206667	0.11765587418728694	0.18638968512805432
459	2253.8915159944368	376	270	0.06474456246838645	0.011127971674253945	0.0	0.0		-1.2125052551233182	0.11652538323121461	0.18345407906744823
460	2258.191933240612	376	270	0.06474456246838645	0.011127971674253945	0.0	0.0		-1.2076757352673018	0.11539489227514226	0.18051847300684218
461	2262.492350486787	376	270	0.06474456246838645	0.011127971674253945	0.0	0.0		-1.2025535172381936	0.11426440131906991	0.17758286694623612
462	2266.7927677329626	376	270	0.06474456246838645	0.011127971674253945	0.0	0.0		-1.175559289351396	0.11313391036299757	0.17284801846138761
463	2271.0931849791377	376	270	0.06474456246838645	0.011127971674253945	0.0	0.0		-1.145901912820393	0.11200341940692522	0.16801847300684217
464	2275.393602225313	376	270	0.06474456246838645	0.011127971674253945	0.0	0.0		-1.11426737785399	0.11087292845085288	0.16318892755229672
465	2279.694019471488	376	270	0.06474456246838645	0.011127971674253945	0.0	0.0		-1.0816601491738362	0.10971462729255171	0.15835938209775127
466	2283.994436717663	376	270	0.06474456246838645	0.011127971674253945	0.0	0.0		-1.0816601491738365	0.10971462729255173	0.15352983664320582
467	2288.2948539638387	376	270	0.06474456246838645	0.011127971674253945	0.0	0.0		-1.0816601491738365	0.10971462729255173	0.14870029118866038
468	2292.595271210014	376	270	0.06474456246838645	0.011127971674253945	0.0	0.0		-1.0816601491738362	0.10971462729255173	0.14245029118866037
469	2296.895688456189	376	270	0.06474456246838645	0.011127971674253945	0.0	0.0		-0.856510068764282	0.10967725808477892	0.1362002911886604
470	2301.1961057023645	376	270	0.06474456246838645	0.011127971674253945	0.0	0.0		-0.8026153930094795	0.10851881264382228	0.1304491174797402
471	2305.4965229485397	376	270	0.06474456246838645	0.011127971674253945	0.0	0.0		-0.7445749729658458	0.10736036720286561	0.12469794377082001
472	2309.796940194715	376	270	0.06474456246838645	0.011127971674253945	0.0	0.0		-0.6818913193187215	0.10620192176190896	0.11894677006189983
473	2314.09735744089	376	270	0.06474456246838645	0.011127971674253945	0.0	0.0		-0.6139840278676701	0.1050434763209523	0.11319559635297964
474	2318.397774687065	376	270	0.06474456246838645	0.011127971674253945	0.0	0.0		-0.5401717545513101	0.10388503087999566	0.10744442264405946
475	2322.6981919332407	376	270	0.06474456246838645	0.011127971674253945	0.0	0.0		-0.4666046708559984	0.102726585439039	0.10227200885095603
476	2326.998609179416	376	270	0.06474456246838645	0.011127971674253945	0.0	0.0		-0.3867717222151578	0.10156813999808234	0.09715504978662853
477	2331.299026425591	376	270	0.06474456246838645	0.011127971674253945	0.0	0.0		-0.35124566319088946	0.09917651070062346	0.09203809072230107
478	2335.5994436717665	376	270	0.06474456246838645	0.011127971674253945	0.0	0.0		-0.3411689059365736	0.0956638051699807	0.0869211316579736
479	2339.8998609179416	376	270	0.06474456246838645	0.011127971674253945	0.0	0.0		-0.33082066213474004	0.09211373043156516	0.08180417259364611
480	2344.2002781641168	376	270	0.06474456246838645	0.011127971674253945	0.0	0.0		-0.3192549778856319	0.0885636556931496	0.07668721352931863
481	2348.500695410292	376	270	0.06474456246838645	0.011127971674253945	0.0	0.0		-0.30624358310538524	0.08501358095473407	0.07157025446499117
482	2352.801112656467	376	270	0.06474456246838645	0.011127971674253945	0.0	0.0		-0.29149733568777236	0.08146350621631851	0.06645329540066369
483	2357.1015299026426	376	270	0.06474456246838645	0.011127971674253945	0.0	0.0		-0.27464448149621484	0.07791343147790299	0.061336336336336214
484	2361.4019471488177	376	270	0.06474456246838645	0.011127971674253945	0.0	0.0		-0.2551988805059561	0.07436335673948742	0.05621937727200874
485	2365.702364394993	376	270	0.06474456246838645	0.011127971674253945	0.0	0.0		-0.232512346017321	0.07081328200107187	0.051102418207681265
486	2370.0027816411684	376	270	0.06474456246838645	0.011127971674253945	0.0	0.0		-0.20570098707620668	0.06726320726265632	0.045985459143353793
487	2374.3031988873436	376	270	0.06474456246838645	0.011127971674253945	0.0	0.0		-0.17352735634686958	0.06371313252424078	0.040868500079026315
488	2378.6036161335187	376	270	0.06474456246838645	0.011127971674253945	0.0	0.0		-0.13420402989990196	0.06016305778582524	0.035751541014698844
489	2382.904033379694	376	270	0.06474456246838645	0.011127971674253945	0.0	0.0		-0.08504987184119245	0.056612983047409686	0.030634581950371373
490	2387.204450625869	376	270	0.06474456246838645	0.011127971674253945	0.0	0.0		-0.021851668622851633	0.05306290830899414	0.025517622886043898
491	2391.5048678720445	376	270	0.06474456246838645	0.011127971674253945	0.0	0.0		0.0624126023349361	0.04951283357057859	0.02040066382171642
492	2395.8052851182197	376	270	0.06474456246838645	0.011127971674253945	0.0	0.0		0.07151847843107771	0.04596275883216305	0.016891891891891855
493	2400.105702364395	376	270	0.06474456246838645	0.011127971674253945	0.0	0.0		0.07151847843107771	0.04241268409374751	0.013513513513513487
494	2404.4061196105704	376	270	0.06474456246838645	0.011127971674253945	0.0	0.0		0.07151847843107771	0.03886260935533196	0.010135135135135115
495	2408.7065368567455	376	270	0.06474456246838645	0.011127971674253945	0.0	0.0		0.07151847843107771	0.03531253461691641	0.006756756756756743
496	2413.0069541029206	376	270	0.06474456246838645	0.011127971674253945	0.0	0.0		0.07151847843107771	0.03176245987850087	0.0033783783783783716
497	2417.307371349096	376	270	0.06474456246838645	0.011127971674253945	0.0	0.0			0.02821238514008532	0.0
498	2421.607788595271	376	270	0.06474456246838645	0.011127971674253945	0.0	0.0			0.024662310401669774	0.0
499	2425.9082058414465	376	270	0.06474456246838645	0.011127971674253945	0.0	0.0			0.021133781873141248	0.0
500	2430.2086230876216	376	270	0.06474456246838645	0.011127971674253945	0.0	0.0			0.01835600409536347	0.0
501	2434.5090403337967	376	270	0.06474456246838645	0.011127971674253945	0.0	0.0			0.01557822631758569	0.0
502	2438.8094575799723	376	270	0.06474456246838645	0.011127971674253945	0.0	0.0			0.012800448539807913	0.0
503	2443.1098748261475	376	270	0.06474456246838645	0.011127971674253945	0.0	0.0			0.010022670762030136	0.0
504	2447.4102920723226	376	270	0.06474456246838645	0.011127971674253945	0.0	0.0			0.007244892984252359	0.0
505	2451.7107093184977	376	270	0.06474456246838645	0.011127971674253945	0.0	0.0			0.00446711520647458	0.0
506	2456.011126564673	376	270	0.06474456246838645	0.011127971674253945	0.0	0.0			0.0016893374286968028	0.0
507	2460.3115438108484	376	270	0.06474456246838645	0.011127971674253945	0.0	0.0			6.459948320413898e-05	0.0
508	2464.6119610570236	376	270	0.06474456246838645	0.011127971674253945	0.0	0.0			0.0	0.0
509	2468.9123783031987	376	270	0.06474456246838645	0.011127971674253945	0.0	0.0			0.0	0.0
510	2473.2127955493743	376	270	0.06474456246838645	0.011127971674253945	0.0	0.0			0.0	0.0
511	2477.5132127955494	376	270	0.06474456246838645	0.011127971674253945	0.0	0.0			0.0	0.0
512	2481.8136300417245	376	270	0.06474456246838645	0.011127971674253945	0.0	0.0			0.0	0.0
513	2486.1140472878997	376	270	0.06474456246838645	0.011127971674253945	0.0	0.0			0.0	0.0
514	2490.414464534075	376	270	0.06474456246838645	0.011127971674253945	0.0	0.0			0.0	0.0
515	2494.7148817802504	376	270	0.06474456246838645	0.011127971674253945	0.0	0.0			0.0	0.0
516	2499.0152990264255	376	270	0.06474456246838645	0.011127971674253945	0.0	0.0			0.0	0.0
517	2503.3157162726006	376	270	0.06474456246838645	0.011127971674253945	0.0	0.0			0.0	0.0
518	2507.616133518776	376	270	0.06474456246838645	0.011127971674253945	0.0	0.0			0.0	0.0
519	2511.9165507649514	376	270	0.06474456246838645	0.011127971674253945	0.0	0.0			0.0	0.0
520	2516.2169680111265	376	270	0.06474456246838645	0.011127971674253945	0.0	0.0			0.0	0.0
521	2520.5173852573016	376	270	0.06474456246838645	0.011127971674253945	0.0	0.0			0.0	0.0
522	2524.8178025034767	376	270	0.06474456246838645	0.011127971674253945	0.0	0.0			0.0	0.0
523	2529.1182197496523	376	270	0.06474456246838645	0.011127971674253945	0.0	0.0			0.0	0.0
524	2533.4186369958275	376	270	0.06474456246838645	0.011127971674253945	0.0	0.0			0.0	0.0
525	2537.7190542420026	376	270	0.06474456246838645	0.011127971674253945	0.0	0.0			0.0	0.0
526	2542.019471488178	376	270	0.06474456246838645	0.011127971674253945	0.0	0.0			0.0	0.0
527	2546.3198887343533	376	270	0.06474456246838645	0.011127971674253945	0.0	0.0			0.0	0.0
528	2550.6203059805284	376	270	0.06474456246838645	0.011127971674253945	0.0	0.0			0.0	0.0
529	2554.9207232267036	376	270	0.06474456246838645	0.011127971674253945	0.0	0.0			0.0	0.0
530	2559.2211404728787	376	270	0.06474456246838645	0.011127971674253945	0.0	0.0			0.0	0.0
531	2563.5215577190543	376	270	0.06474456246838645	0.011127971674253945	0.0	0.0			0.0	0.0
532	2567.8219749652294	376	270	0.06474456246838645	0.011127971674253945	0.0	0.0			0.0	0.0
533	2572.1223922114045	376	270	0.06474456246838645	0.011127971674253945	0.0	0.0			0.0	0.0
534	2576.42280945758	376	270	0.06474456246838645	0.011127971674253945	0.0	0.0			0.0	0.0
535	2580.7232267037552	376	270	0.06474456246838645	0.011127971674253945	0.0	0.0			0.0	0.0
536	2585.0236439499304	376	270	0.06474456246838645	0.011127971674253945	0.0	0.0			0.0	0.0
537	2589.3240611961055	376	270	0.06474456246838645	0.011127971674253945	0.0	0.0			0.0	0.0
538	2593.6244784422806	376	270	0.06474456246838645	0.011127971674253945	0.0	0.0			0.0	0.0
539	2597.924895688456	376	270	0.06474456246838645	0.011127971674253945	0.0	0.0			0.0	0.0
540	2602.2253129346313	376	270	0.06474456246838645	0.011127971674253945	0.0	0.0			0.0	0.0
541	2606.5257301808065	376	270	0.06474456246838645	0.011127971674253945	0.0	0.0			0.0	0.0
542	2610.826147426982	376	270	0.06474456246838645	0.011127971674253945	0.0	0.0			0.0	0.0
543	2615.126564673157	376	270	0.06474456246838645	0.011127971674253945	0.0	0.0			0.0	0.0
544	2619.4269819193323	376	270	0.06474456246838645	0.011127971674253945	0.0	0.0			0.0	0.0
545	2623.7273991655074	376	270	0.06474456246838645	0.011127971674253945	0.0	0.0			0.0	0.0
546	2628.0278164116826	376	270	0.06474456246838645	0.011127971674253945	0.0	0.0			0.0	0.0
547	2632.328233657858	376	270	0.06474456246838645	0.011127971674253945	0.0	0.0			0.0	0.0
548	2636.6286509040333	376	270	0.06474456246838645	0.011127971674253945	0.0	0.0			0.0	0.0
549	2640.9290681502084	376	270	0.06474456246838645	0.011127971674253945	0.0	0.0			0.0	0.0
550	2645.229485396384	376	270	0.06474456246838645	0.011127971674253945	0.0	0.0			0.0	0.0
551	2649.529902642559	376	270	0.06474456246838645	0.011127971674253945	0.0	0.0			0.0	0.0
552	2653.8303198887343	376	270	0.06474456246838645	0.011127971674253945	0.0	0.0			0.0	0.0
553	2658.1307371349094	376	270	0.06474456246838645	0.011127971674253945	0.0	0.0			0.0	0.0
554	2662.4311543810845	376	270	0.06474456246838645	0.011127971674253945	0.0	0.0			0.0	0.0
555	2666.73157162726	376	270	0.06474456246838645	0.011127971674253945	0.0	0.0			0.0	0.0
556	2671.0319888734352	376	270	0.06474456246838645	0.011127971674253945	0.0	0.0			0.0	0.0
557	2675.3324061196104	376	270	0.06474456246838645	0.011127971674253945	0.0	0.0			0.0	0.0
558	2679.632823365786	376	270	0.06474456246838645	0.011127971674253945	0.0	0.0			0.0	0.0
559	2683.933240611961	376	270	0.06474456246838645	0.011127971674253945	0.0	0.0			0.0	0.0
560	2688.233657858136	376	270	0.06474456246838645	0.011127971674253945	0.0	0.0			0.0	0.0
561	2692.5340751043113	376	270	0.06474456246838645	0.011127971674253945	0.0	0.0			0.0	0.0
562	2696.8344923504865	376	270	0.06474456246838645	0.011127971674253945	0.0	0.0			0.0	0.0
563	2701.134909596662	376	270	0.06474456246838645	0.011127971674253945	0.0	0.0			0.0	0.0
564	2705.435326842837	376	270	0.06474456246838645	0.011127971674253945	0.0	0.0			0.0	0.0
565	2709.7357440890123	376	270	0.06474456246838645	0.011127971674253945	0.0	0.0			0.0	0.0
566	2714.036161335188	376	270	0.06474456246838645	0.011127971674253945	0.0	0.0			0.0	0.0
567	2718.336578581363	376	270	0.06474456246838645	0.011127971674253945	0.0	0.0			0.0	0.0
568	2722.636995827538	376	270	0.06474456246838645	0.011127971674253945	0.0	0.0			0.0	0.0
569	2726.9374130737133	376	270	0.06474456246838645	0.011127971674253945	0.0	0.0			0.0	0.0
570	2731.2378303198884	376	270	0.06474456246838645	0.011127971674253945	0.0	0.0			0.0	0.0
571	2735.538247566064	376	270	0.06474456246838645	0.011127971674253945	0.0	0.0			0.0	0.0
572	2739.838664812239	376	270	0.06474456246838645	0.011127971674253945	0.0	0.0			0.0	0.0
573	2744.1390820584143	376	270	0.06474456246838645	0.011127971674253945	0.0	0.0			0.0	0.0
574	2748.43949930459	376	270	0.06474456246838645	0.011127971674253945	0.0	0.0			0.0	0.0
575	2752.739916550765	376	270	0.06474456246838645	0.011127971674253945	0.0	0.0			0.0	0.0
576	2757.04033379694	376	270	0.06474456246838645	0.011127971674253945	0.0	0.0			0.0	0.0
577	2761.3407510431152	376	270	0.06474456246838645	0.011127971674253945	0.0	0.0			0.0	0.0
578	2765.6411682892904	376	270	0.06474456246838645	0.011127971674253945	0.0	0.0			0.0	0.0
579	2769.941585535466	376	270	0.06474456246838645	0.011127971674253945	0.0	0.0			0.0	0.0
580	2774.242002781641	376	270	0.06474456246838645	0.011127971674253945	0.0	0.0			0.0	0.0
581	2778.542420027816	376	270	0.06474456246838645	0.011127971674253945	0.0	0.0			0.0	0.0
582	2782.842837273992	376	270	0.06474456246838645	0.011127971674253945	0.0	0.0			0.0	0.0
583	2787.143254520167	376	270	0.06474456246838645	0.011127971674253945	0.0	0.0			0.0	0.0
584	2791.443671766342	376	270	0.06474456246838645	0.011127971674253945	0.0	0.0			-0.00013020833333332843	0.0
585	2795.744089012517	376	270	0.06474456246838645	0.011127971674253945	0.0	0.0			-0.00032552083333332817	0.0
586	2800.0445062586923	376	270	0.06474456246838645	0.011127971674253945	0.0	0.0			-0.0005859374999999993	0.0
587	2804.344923504868	376	270	0.06474456246838645	0.011127971674253945	0.0	0.0			-0.0008463541666666704	0.0
588	2808.645340751043	376	270	0.06474456246838645	0.011127971674253945	0.0	0.0			-0.0011067708333333418	0.0
589	2812.945757997218	376	270	0.06474456246838645	0.011127971674253945	0.0	0.0			-0.0013671875000000127	0.0
590	2817.2461752433937	376	270	0.06474456246838645	0.011127971674253945	0.0	0.0			-0.0016276041666666839	0.0
591	2821.546592489569	376	270	0.06474456246838645	0.011127971674253945	0.0	0.0			-0.0018880208333333548	0.0
592	2825.847009735744	376	270	0.06474456246838645	0.011127971674253945	0.0	0.0			-0.0021484375000000258	0.0
593	2830.147426981919	376	270	0.06474456246838645	0.011127971674253945	0.0	0.0			-0.002408854166666697	0.0
594	2834.4478442280943	376	270	0.06474456246838645	0.011127971674253945	0.0	0.0			-0.0026692708333333685	0.0
595	2838.74826147427	376	270	0.06474456246838645	0.011127971674253945	0.0	0.0			-0.0029296875000000395	0.0
596	2843.048678720445	376	270	0.06474456246838645	0.011127971674253945	0.0	0.0			-0.0031901041666667104	0.0
597	2847.34909596662	376	270	0.06474456246838645	0.011127971674253945	0.0	0.0			-0.0034505208333333814	0.0
598	2851.6495132127957	376	270	0.06474456246838645	0.011127971674253945	0.0	0.0			-0.0037109375000000527	0.0
599	2855.949930458971	376	270	0.06474456246838645	0.011127971674253945	0.0	0.0			-0.003971354166666724	0.0
600	2860.250347705146	376	270	0.06474456246838645	0.011127971674253945	0.0	0.0			-0.004231770833333395	0.0
601	2864.550764951321	376	270	0.06474456246838645	0.011127971674253945	0.0	0.0			-0.0044921875000000664	0.0
602	2868.851182197496	376	270	0.06474456246838645	0.011127971674253945	0.0	0.0			-0.004752604166666737	0.0
603	2873.151599443672	376	270	0.06474456246838645	0.011127971674253945	0.0	0.0			-0.005013020833333408	0.0
604	2877.452016689847	376	270	0.06474456246838645	0.011127971674253945	0.0	0.0			-0.005273437500000079	0.0
605	2881.752433936022	376	270	0.06474456246838645	0.011127971674253945	0.0	0.0			-0.005533854166666751	0.0
606	2886.0528511821976	376	270	0.06474456246838645	0.011127971674253945	0.0	0.0			-0.005794270833333422	0.0
607	2890.3532684283728	376	270	0.06474456246838645	0.011127971674253945	0.0	0.0			-0.006054687500000092	0.0
608	2894.653685674548	376	270	0.06474456246838645	0.011127971674253945	0.0	0.0			-0.006315104166666765	0.0
609	2898.954102920723	376	270	0.06474456246838645	0.011127971674253945	0.0	0.0			-0.006575520833333435	0.0
610	2903.254520166898	376	270	0.06474456246838645	0.011127971674253945	0.0	0.0			-0.006835937500000107	0.0
611	2907.5549374130737	376	270	0.06474456246838645	0.011127971674253945	0.0	0.0			-0.007096354166666778	0.0
612	2911.855354659249	376	270	0.06474456246838645	0.011127971674253945	0.0	0.0			-0.007356770833333448	0.0
613	2916.155771905424	376	270	0.06474456246838645	0.011127971674253945	0.0	0.0			-0.0076171875000001195	0.0
614	2920.4561891515996	376	270	0.06474456246838645	0.011127971674253945	0.0	0.0			-0.007745392628205257	0.0
615	2924.7566063977747	376	270	0.06474456246838645	0.011127971674253945	0.0	0.0			-0.007809005859757425	0.0
616	2929.05702364395	376	270	0.06474456246838645	0.011127971674253945	0.0	0.0			-0.007809005859757425	0.0
617	2933.357440890125	376	270	0.06474456246838645	0.011127971674253945	0.0	0.0			-0.007809005859757425	0.0
618	2937.6578581363	376	270	0.06474456246838645	0.011127971674253945	0.0	0.0			-0.007809005859757425	0.0
619	2941.9582753824757	376	270	0.06474456246838645	0.011127971674253945	0.0	0.0			-0.007809005859757425	0.0
620	2946.258692628651	376	270	0.06474456246838645	0.011127971674253945	0.0	0.0			-0.007809005859757425	0.0
621	2950.559109874826	376	270	0.06474456246838645	0.011127971674253945	0.0	0.0			-0.007809005859757425	0.0
622	2954.8595271210015	376	270	0.06474456246838645	0.011127971674253945	0.0	0.0			-0.007809005859757425	0.0
623	2959.1599443671766	376	270	0.06474456246838645	0.011127971674253945	0.0	0.0			-0.007809005859757425	0.0
624	2963.460361613352	376	270	0.06474456246838645	0.011127971674253945	0.0	0.0			-0.007809005859757425	0.0
625	2967.760778859527	376	270	0.06474456246838645	0.011127971674253945	0.0	0.0			-0.007809005859757425	0.0
626	2972.061196105702	376	270	0.06474456246838645	0.011127971674253945	0.0	0.0			-0.007809005859757425	0.0
627	2976.3616133518776	376	270	0.06474456246838645	0.011127971674253945	0.0	0.0			-0.007809005859757425	0.0
628	2980.6620305980528	376	270	0.06474456246838645	0.011127971674253945	0.0	0.0			-0.007809005859757425	0.0
629	2984.962447844228	376	270	0.06474456246838645	0.011127971674253945	0.0	0.0			-0.007809005859757425	0.0
630	2989.2628650904035	376	270	0.06474456246838645	0.011127971674253945	0.0	0.0			-0.007809005859757425	0.0
631	2993.5632823365786	376	270	0.06474456246838645	0.011127971674253945	0.0	0.0			-0.007874627757738579	0.0
632	2997.8636995827537	376	270	0.06474456246838645	0.011127971674253945	0.0	0.0			-0.007941361891278738	0.0
633	3002.164116828929	376	270	0.06474456246838645	0.011127971674253945	0.0	0.0			-0.008009236779238385	0.0
634	3006.464534075104	376	270	0.06474456246838645	0.011127971674253945	0.0	0.0			-0.008078281923886991	0.0
635	3010.7649513212796	376	270	0.06474456246838645	0.011127971674253945	0.0	0.0			-0.008148527853659921	0.0
636	3015.0653685674547	376	270	0.06474456246838645	0.011127971674253945	0.0	0.0			-0.00822000616816571	0.0
637	3019.36578581363	376	270	0.06474456246838645	0.011127971674253945	0.0	0.0			-0.008292749585583107	0.0
638	3023.6662030598054	376	270	0.06474456246838645	0.011127971674253945	0.0	0.0			-0.00836679199259724	0.0
639	3027.9666203059805	376	270	0.06474456246838645	0.011127971674253945	0.0	0.0			-0.008442168497035054	0.0
640	3032.2670375521557	376	270	0.06474456246838645	0.011127971674253945	0.0	0.0			-0.008518915483371737	0.0
641	3036.567454798331	376	270	0.06474456246838645	0.011127971674253945	0.0	0.0			-0.008597070671292577	0.0
642	3040.867872044506	376	270	0.06474456246838645	0.011127971674253945	0.0	0.0			-0.00867667317750825	0.0
643	3045.1682892906815	376	270	0.06474456246838645	0.011127971674253945	-0.01562499999999941	0.0			-0.008757763581036365	0.0
644	3049.4687065368566	376	270	0.06474456246838645	0.011127971674253945	-0.023437499999999972	0.0			-0.008840383992178217	0.0
645	3053.769123783032	376	270	0.06474456246838645	0.011127971674253945	-0.031250000000000534	0.0			-0.008924578125437057	0.0
646	3058.0695410292074	376	270	0.06474456246838645	0.011127971674253945	-0.031250000000000534	0.0			-0.009010391376643183	0.0
647	3062.3699582753825	376	270	0.06474456246838645	0.011127971674253945	-0.031250000000000534	0.0			-0.009097870904571757	0.0
648	3066.6703755215576	376	270	0.06474456246838645	0.011127971674253945	-0.031250000000000534	0.0			-0.009187065717361676	0.0
649	3070.9707927677327	376	270	0.06474456246838645	0.011127971674253945	-0.031250000000000534	0.0			-0.009278026764068227	0.0
650	3075.271210013908	376	270	0.06474456246838645	0.011127971674253945	-0.031250000000000534	0.0			-0.00937080703170891	0.0
651	3079.5716272600835	376	270	0.06474456246838645	0.011127971674253945	-0.031250000000000534	0.0			-0.009465461648190818	0.0
652	3083.8720445062586	376	270	0.06474456246838645	0.011127971674253945	-0.031250000000000534	0.0			-0.009562047991539703	0.0
653	3088.1724617524337	376	270	0.06474456246838645	0.011127971674253945	-0.031250000000000534	0.0			-0.009660625805885474	0.0
654	3092.4728789986093	376	270	0.06474456246838645	0.011127971674253945	-0.031250000000000534	0.0			-0.00976125732469678	0.0
655	3096.7732962447844	376	270	0.06474456246838645	0.011127971674253945	-0.031250000000000534	0.0			-0.009864007401798852	0.0
656	3101.0737134909596	376	270	0.06474456246838645	0.011127971674253945	-0.031250000000000534	0.0			-0.00996894365075416	0.0
657	3105.3741307371347	376	270	0.06474456246838645	0.011127971674253945	-0.031250000000000534	0.0			-0.010076136593235387	0.0
658	3109.67454798331	376	270	0.06474456246838645	0.011127971674253945	-0.031250000000000534	0.0			-0.010185659817074902	0.0
659	3113.9749652294854	376	270	0.06474456246838645	0.011127971674253945	-0.031250000000000534	0.0			-0.010297590144735067	0.0
660	3118.2753824756605	376	270	0.06474456246838645	0.011127971674253945	-0.031250000000000534	0.0			-0.0104120078130099	0.0
