X	Y
254	2519.0
255	2517.0
256	2517.0
257	2517.0
258	2517.0
259	2517.0
260	2517.0
261	2517.0
262	2517.0
263	2517.0
264	2517.0
265	2517.0
266	2517.0
267	2516.5
268	2517.0
269	2517.0
270	2517.0
271	2517.0
272	2517.0
273	2517.0
274	2517.0
275	2517.0
276	2517.0
277	2517.0
278	2517.0
279	2517.0
280	2517.0
281	2517.0
282	2517.0
283	2517.0
284	2517.0
285	2517.0
286	2517.0
287	2517.0
288	2517.0
289	2517.0
290	2517.0
291	2517.0
292	2517.0
293	2517.0
294	2517.0
295	2517.0
296	2510.0
297	2510.0
298	2510.0
299	2509.5
300	2509.5
301	2507.5
302	2507.5
303	2500.5
304	2500.5
305	2500.5
306	2500.5
307	2499.5
308	2498.0
309	2498.0
310	2498.0
311	2497.5
312	2498.0
313	2498.0
314	2498.0
315	2497.5
316	2496.5
317	2497.5
318	2496.0
319	2498.0
320	2494.0
321	2493.0
322	2493.5
323	2493.5
324	2493.0
325	2491.0
326	2491.5
327	2486.5
328	2486.5
329	2485.0
330	2481.5
331	2479.5
332	2479.0
333	2479.0
334	2477.0
335	2477.0
336	2472.5
337	2472.0
338	2472.0
339	2472.5
340	2472.5
341	2470.0
342	2470.0
343	2470.0
344	2465.0
345	2461.5
346	2465.0
347	2465.5
348	2466.0
349	2462.0
350	2460.5
351	2460.5
352	2460.5
353	2460.5
354	2460.5
355	2460.5
356	2460.5
357	2460.5
358	2460.5
359	2460.5
360	2460.5
361	2461.0
362	2460.5
363	2460.5
364	2460.5
365	2460.5
366	2460.5
367	2460.5
368	2460.5
369	2460.5
370	2460.5
371	2460.5
372	2460.5
373	2460.5
374	2460.5
375	2460.5
376	2460.5
377	2460.5
378	2460.5
379	2460.5
380	2460.5
381	2460.5
382	2460.5
383	2460.5
384	2460.5
385	2461.0
386	2458.5
387	2458.5
388	2458.5
389	2458.5
390	2453.5
391	2453.5
392	2453.5
393	2451.0
394	2451.0
395	2449.0
396	2449.0
397	2452.0
398	2443.5
399	2443.5
400	2445.0
401	2444.0
402	2441.5
403	2442.5
404	2437.0
405	2434.5
406	2437.0
407	2437.0
408	2437.0
409	2435.5
410	2435.5
411	2431.5
412	2429.5
413	2429.5
414	2429.5
415	2429.5
416	2427.5
417	2427.0
418	2427.5
419	2427.5
420	2427.5
421	2427.5
422	2427.5
423	2427.5
424	2427.5
425	2427.5
426	2427.5
427	2427.5
428	2428.0
429	2420.5
430	2415.0
431	2421.0
432	2420.5
433	2420.5
434	2420.5
435	2413.5
436	2413.0
437	2413.5
438	2413.5
439	2413.5
440	2413.5
441	2413.0
442	2413.0
443	2413.0
444	2413.0
445	2413.0
446	2413.5
447	2413.5
448	2413.5
449	2413.5
450	2413.5
451	2413.5
452	2413.5
453	2413.5
454	2413.5
455	2413.5
456	2413.5
457	2413.5
458	2413.5
459	2413.5
460	2413.5
461	2413.5
462	2413.5
463	2413.5
464	2413.5
465	2413.5
466	2413.5
467	2413.5
468	2413.5
469	2413.5
470	2413.5
471	2413.5
472	2413.5
473	2413.5
474	2413.5
475	2413.5
476	2413.5
477	2413.5
478	2413.5
479	2413.5
480	2413.5
481	2413.5
482	2413.5
483	2413.5
484	2413.5
485	2413.5
486	2413.5
487	2413.5
488	2413.5
489	2413.5
490	2413.5
491	2413.5
492	2413.5
493	2413.5
494	2413.5
495	2413.5
496	2413.0
497	2413.5
498	2414.0
499	2407.0
500	2403.5
501	2402.5
502	2406.5
503	2402.0
504	2401.5
505	2399.5
506	2394.5
507	2394.5
508	2396.5
509	2394.5
510	2390.0
511	2389.0
512	2390.0
513	2390.0
514	2390.0
515	2390.0
516	2390.0
517	2390.0
518	2390.0
519	2390.0
520	2390.0
521	2390.0
522	2387.5
523	2387.5
524	2387.5
525	2390.5
526	2387.5
527	2387.5
528	2387.5
529	2385.0
530	2385.0
531	2385.0
532	2385.0
533	2385.0
534	2385.0
535	2385.0
536	2380.5
537	2380.5
538	2380.5
539	2380.5
540	2380.5
541	2380.5
542	2380.5
543	2376.0
544	2376.0
545	2376.0
546	2376.0
547	2376.0
548	2376.0
549	2376.0
550	2376.0
551	2376.0
552	2376.0
553	2376.0
554	2376.0
555	2376.0
556	2376.0
557	2376.0
558	2376.0
559	2375.5
560	2369.0
561	2369.0
562	2369.0
563	2369.0
564	2369.0
565	2364.0
566	2368.5
567	2362.0
568	2362.0
569	2362.0
570	2362.0
571	2363.0
572	2362.0
573	2361.5
574	2354.5
575	2355.0
576	2354.5
577	2354.5
578	2352.5
579	2352.5
580	2348.5
581	2345.5
582	2345.5
583	2345.0
584	2340.5
585	2340.5
586	2338.0
587	2338.0
588	2343.0
589	2336.0
590	2335.5
591	2337.0
592	2331.5
593	2331.5
594	2331.5
595	2329.0
596	2329.0
597	2329.0
598	2329.0
599	2329.0
600	2329.0
601	2329.0
602	2317.0
603	2317.0
604	2317.0
605	2317.0
606	2317.0
607	2317.0
608	2317.0
609	2305.0
610	2305.0
611	2305.0
612	2305.0
613	2305.0
614	2305.0
615	2305.5
616	2302.5
617	2302.5
618	2302.5
619	2303.0
620	2302.5
621	2298.0
622	2296.5
623	2296.0
624	2296.0
625	2293.5
626	2293.5
627	2289.0
628	2288.5
629	2288.5
630	2288.0
631	2288.5
632	2288.5
633	2286.0
634	2285.5
635	2286.0
636	2286.5
637	2286.0
638	2287.0
639	2286.0
640	2282.0
641	2284.5
642	2281.5
643	2281.5
644	2281.5
645	2280.0
646	2281.5
647	2277.0
648	2277.0
649	2277.0
650	2277.0
651	2277.0
652	2277.0
653	2277.0
654	2267.5
655	2267.5
656	2267.5
657	2273.5
658	2267.5
659	2267.0
660	2272.5
661	2258.0
662	2258.0
663	2258.0
664	2258.0
665	2258.0
666	2258.0
667	2258.0
668	2253.5
669	2253.5
670	2253.5
671	2253.5
672	2251.0
673	2251.0
674	2251.0
675	2246.5
676	2246.5
677	2242.0
678	2242.0
679	2242.0
680	2239.5
681	2239.0
682	2237.0
683	2237.0
684	2232.5
685	2232.0
686	2232.0
687	2227.5
688	2231.5
689	2225.0
690	2225.0
691	2226.0
692	2216.0
693	2217.5
694	2212.0
695	2211.5
696	2204.0
697	2204.5
698	2197.5
699	2195.0
700	2194.5
701	2187.5
702	2187.5
703	2180.0
704	2180.5
705	2180.0
706	2185.0
707	2184.5
708	2173.5
709	2173.5
710	2174.0
711	2166.5
712	2166.5
713	2166.5
714	2166.5
715	2165.0
716	2164.5
717	2158.0
718	2157.0
719	2158.0
720	2157.5
721	2155.5
722	2155.0
723	2155.0
724	2154.0
725	2147.5
726	2148.5
727	2147.5
728	2147.5
729	2148.0
730	2152.5
731	2140.5
732	2140.0
733	2140.5
734	2126.5
735	2126.5
736	2126.5
737	2126.5
738	2126.5
739	2119.5
740	2119.5
741	2105.0
742	2105.0
743	2093.5
744	2095.5
745	2087.0
746	2090.0
747	2086.0
748	2084.0
749	2084.0
750	2072.5
751	2072.5
752	2060.5
753	2060.5
754	2056.0
755	2058.0
756	2058.0
757	2056.5
758	2049.5
759	2058.0
760	2037.5
761	2037.5
762	2037.5
763	2037.5
764	2028.0
765	2027.5
766	2028.0
767	2028.0
768	2028.0
769	2028.0
770	2028.0
771	2028.0
772	2028.0
773	2028.0
774	2028.0
775	2027.5
776	2016.0
777	2016.0
778	2016.0
779	2016.0
780	2016.0
781	2009.5
782	2009.0
783	1997.0
784	1997.0
785	1997.0
786	1996.5
787	1997.0
788	1990.0
789	1990.0
790	1983.0
791	1983.0
792	1983.0
793	1983.0
794	1983.0
795	1986.5
796	1966.5
797	1960.0
798	1959.5
799	1959.5
800	1959.5
801	1959.5
802	1943.0
803	1943.0
804	1938.5
805	1938.0
806	1938.5
807	1938.5
808	1938.5
809	1938.5
810	1936.0
811	1931.5
812	1931.5
813	1931.5
814	1922.0
815	1914.5
816	1917.0
817	1917.5
818	1917.5
819	1922.5
820	1923.0
821	1898.0
822	1898.0
823	1891.0
824	1894.0
825	1885.0
826	1882.0
827	1882.0
828	1868.0
829	1868.0
830	1863.0
831	1863.0
832	1867.5
833	1863.0
834	1867.0
835	1849.0
836	1849.0
837	1849.0
838	1849.0
839	1849.0
840	1849.0
841	1849.0
842	1846.5
843	1846.5
844	1846.5
845	1846.5
846	1846.5
847	1836.5
848	1839.5
849	1832.5
850	1832.5
851	1837.0
852	1832.5
853	1836.0
854	1821.0
855	1821.0
856	1814.0
857	1813.5
858	1813.5
859	1814.0
860	1813.5
861	1806.5
862	1806.0
863	1807.0
864	1799.5
865	1790.5
866	1790.5
867	1789.5
868	1783.5
869	1783.5
870	1783.5
871	1783.5
872	1783.5
873	1773.5
874	1773.5
875	1769.5
876	1769.0
877	1769.0
878	1765.0
879	1768.0
880	1770.5
881	1772.5
882	1761.5
883	1761.5
884	1761.5
885	1761.0
886	1761.5
887	1761.5
888	1759.5
889	1760.0
890	1755.0
891	1755.0
892	1755.0
893	1755.0
894	1755.0
895	1755.0
896	1750.0
897	1750.0
898	1750.0
899	1750.0
900	1750.0
901	1750.0
902	1750.0
903	1750.0
904	1750.5
905	1750.0
906	1751.0
907	1750.0
908	1743.0
909	1743.0
910	1743.0
911	1743.0
912	1740.5
913	1747.0
914	1740.5
915	1733.5
916	1733.5
917	1734.0
918	1722.0
919	1722.0
920	1719.5
921	1719.5
922	1712.5
923	1722.5
924	1701.0
925	1701.0
926	1701.0
927	1686.5
928	1678.5
929	1683.5
930	1679.5
931	1680.5
932	1670.5
933	1683.0
934	1656.5
935	1656.5
936	1656.5
937	1656.5
938	1646.5
939	1647.0
940	1647.0
941	1647.0
942	1647.0
943	1647.0
944	1647.0
945	1647.0
946	1647.0
947	1639.5
948	1639.5
949	1634.5
950	1639.5
951	1639.5
952	1642.0
953	1632.5
954	1632.5
955	1626.0
956	1625.5
957	1625.5
958	1626.0
959	1618.5
960	1618.5
961	1624.0
962	1611.5
963	1614.5
964	1611.5
965	1615.5
966	1611.5
967	1604.0
968	1604.5
969	1599.5
970	1599.5
971	1599.5
972	1599.5
973	1599.0
974	1597.0
975	1597.0
976	1592.5
977	1592.5
978	1592.5
979	1588.0
980	1584.5
981	1585.5
982	1585.5
983	1578.5
984	1582.5
985	1574.0
986	1574.0
987	1571.5
988	1571.5
989	1571.5
990	1564.5
991	1564.5
992	1557.5
993	1557.0
994	1557.5
995	1555.0
996	1555.0
997	1541.0
998	1541.0
999	1541.0
1000	1534.0
1001	1533.5
1002	1526.5
1003	1526.5
1004	1521.0
1005	1523.0
1006	1512.5
1007	1507.0
1008	1512.5
1009	1505.5
1010	1505.5
1011	1506.0
1012	1501.0
1013	1501.0
1014	1501.0
1015	1501.0
1016	1498.5
1017	1498.5
1018	1493.5
1019	1493.5
1020	1494.5
1021	1489.0
1022	1487.0
1023	1486.5
1024	1487.0
1025	1490.0
1026	1484.0
1027	1485.0
1028	1479.5
1029	1479.5
1030	1475.0
1031	1475.0
1032	1474.0
1033	1472.5
1034	1472.5
1035	1469.5
1036	1470.5
1037	1465.5
1038	1465.5
1039	1463.0
1040	1458.5
1041	1452.0
1042	1451.5
1043	1456.0
1044	1455.0
1045	1455.5
1046	1446.5
1047	1439.5
1048	1439.5
1049	1439.5
1050	1439.5
1051	1430.5
1052	1430.5
1053	1431.0
1054	1411.0
1055	1403.0
1056	1409.0
1057	1409.0
1058	1408.5
1059	1404.5
1060	1404.0
1061	1383.0
1062	1384.5
1063	1386.5
1064	1374.0
1065	1368.5
1066	1368.5
1067	1369.0
1068	1361.5
1069	1362.0
1070	1357.5
1071	1363.0
1072	1345.5
1073	1345.5
1074	1345.5
1075	1338.5
1076	1338.5
1077	1334.0
1078	1337.0
1079	1345.0
1080	1327.0
1081	1327.0
1082	1324.5
1083	1324.5
1084	1320.0
1085	1319.5
1086	1321.0
1087	1315.0
1088	1318.0
1089	1312.0
1090	1312.5
1091	1317.5
1092	1305.5
1093	1301.5
1094	1301.0
1095	1301.0
1096	1298.5
1097	1292.0
1098	1291.5
1099	1291.5
1100	1292.0
1101	1284.5
1102	1284.5
1103	1282.0
1104	1282.0
1105	1282.0
1106	1285.5
1107	1282.0
1108	1275.0
1109	1275.0
1110	1268.0
1111	1268.0
1112	1268.0
1113	1268.0
1114	1268.0
1115	1263.0
1116	1263.0
1117	1259.0
1118	1256.0
1119	1256.0
1120	1256.5
1121	1260.0
1122	1251.5
1123	1251.5
1124	1235.5
1125	1231.5
1126	1235.5
1127	1235.5
1128	1236.5
1129	1235.5
1130	1235.5
1131	1219.0
1132	1219.0
1133	1211.5
1134	1207.5
1135	1208.0
1136	1211.5
1137	1211.5
1138	1200.0
1139	1200.0
1140	1190.5
1141	1188.0
1142	1193.0
1143	1193.0
1144	1193.0
1145	1181.0
1146	1181.0
1147	1181.0
1148	1178.5
1149	1178.5
1150	1178.5
1151	1177.0
1152	1176.0
1153	1176.0
1154	1174.0
1155	1173.5
1156	1172.5
1157	1174.0
1158	1171.5
1159	1167.5
1160	1167.0
1161	1167.0
1162	1167.0
1163	1167.0
1164	1167.0
1165	1167.0
1166	1166.0
1167	1165.0
1168	1164.5
1169	1164.5
1170	1164.5
1171	1162.0
1172	1164.0
1173	1162.0
1174	1162.0
1175	1162.0
1176	1162.0
1177	1162.0
1178	1162.0
1179	1162.5
1180	1150.5
1181	1150.5
1182	1150.5
1183	1150.5
1184	1150.5
1185	1150.5
1186	1150.5
1187	1150.5
1188	1139.0
1189	1138.5
1190	1138.5
1191	1136.5
1192	1136.5
1193	1136.5
1194	1136.0
1195	1125.0
1196	1124.5
1197	1122.0
1198	1122.0
1199	1120.0
1200	1120.0
1201	1120.5
1202	1110.0
1203	1108.5
1204	1103.5
1205	1103.5
1206	1101.0
1207	1101.0
1208	1101.0
1209	1100.5
1210	1101.0
1211	1096.5
1212	1096.5
1213	1096.5
1214	1096.5
1215	1096.0
1216	1096.0
1217	1096.0
1218	1096.0
1219	1096.0
1220	1096.0
1221	1096.0
1222	1096.0
1223	1096.0
1224	1096.0
1225	1096.0
1226	1096.0
1227	1095.5
1228	1089.0
1229	1089.0
1230	1089.0
1231	1089.5
1232	1089.5
1233	1089.5
1234	1094.0
1235	1082.0
1236	1082.0
1237	1082.0
1238	1082.0
1239	1082.0
1240	1082.0
1241	1083.5
1242	1082.0
1243	1082.0
1244	1082.0
1245	1082.0
1246	1080.5
1247	1079.5
1248	1079.5
1249	1079.5
1250	1079.5
1251	1072.5
1252	1073.0
1253	1070.0
1254	1070.5
1255	1070.5
1256	1070.5
1257	1070.5
1258	1063.5
1259	1063.5
1260	1063.5
1261	1063.5
1262	1063.5
1263	1063.5
1264	1063.5
1265	1063.5
1266	1063.5
1267	1063.5
1268	1063.5
1269	1063.5
1270	1063.5
1271	1063.5
1272	1063.5
1273	1063.5
1274	1063.5
1275	1062.5
1276	1062.0
1277	1061.0
1278	1059.0
1279	1059.0
1280	1059.0
1281	1058.0
1282	1054.0
1283	1054.0
1284	1054.0
1285	1054.0
1286	1054.0
1287	1054.0
1288	1054.0
1289	1047.0
1290	1047.0
1291	1047.0
1292	1047.0
1293	1044.5
1294	1046.0
1295	1044.5
1296	1037.5
1297	1037.5
1298	1037.5
1299	1034.5
1300	1035.0
1301	1035.0
1302	1034.5
1303	1030.5
1304	1030.5
1305	1030.5
1306	1030.5
1307	1030.5
1308	1030.5
1309	1030.5
1310	1026.0
1311	1026.0
1312	1016.5
1313	1016.5
1314	1016.5
1315	1016.5
1316	1016.5
1317	1016.5
1318	1016.5
1319	1007.0
1320	1007.0
1321	1007.0
1322	1007.0
1323	1007.0
1324	1007.0
1325	1007.0
1326	1006.0
1327	1000.0
1328	1000.0
1329	1000.0
1330	1000.0
1331	1000.0
1332	1000.0
1333	1002.0
1334	993.0
1335	993.0
1336	988.0
1337	990.5
1338	988.0
1339	988.0
1340	988.0
1341	988.0
1342	985.0
1343	983.5
1344	983.5
1345	983.5
1346	983.5
1347	983.5
1348	983.5
1349	983.5
1350	983.5
1351	983.5
1352	983.5
1353	983.5
1354	983.5
1355	983.5
1356	983.5
1357	983.5
1358	983.5
1359	977.5
1360	974.5
1361	972.0
1362	976.5
1363	976.5
1364	974.0
1365	969.0
1366	966.5
1367	968.0
1368	966.5
1369	966.5
1370	966.5
1371	964.5
1372	964.5
1373	964.0
1374	964.5
1375	964.5
1376	964.5
1377	964.5
1378	964.5
1379	965.0
1380	964.5
1381	965.0
1382	964.5
1383	957.5
1384	960.0
1385	957.5
1386	958.0
1387	958.0
1388	952.5
1389	953.0
1390	950.5
1391	949.5
1392	946.0
1393	944.0
1394	941.5
1395	941.0
1396	941.0
1397	941.0
1398	941.0
1399	941.0
1400	941.0
1401	941.0
1402	941.0
1403	941.0
1404	941.0
1405	941.0
1406	941.0
1407	941.0
1408	941.0
1409	941.0
1410	941.0
1411	938.5
1412	938.5
1413	938.5
1414	938.5
1415	936.0
1416	938.5
1417	938.5
1418	936.5
1419	936.5
1420	936.5
1421	936.5
1422	936.5
1423	936.5
1424	936.5
1425	936.5
1426	936.5
1427	936.5
1428	936.5
1429	936.5
1430	929.5
1431	930.0
1432	929.5
1433	929.5
1434	922.5
1435	922.5
1436	925.0
1437	915.0
1438	914.5
1439	912.0
1440	905.5
1441	910.0
1442	903.5
1443	903.5
1444	900.0
1445	901.0
1446	896.5
1447	896.5
1448	896.5
1449	896.5
1450	896.5
1451	894.0
1452	894.0
1453	894.0
1454	894.0
1455	893.5
1456	894.0
1457	894.0
1458	894.0
1459	894.0
1460	894.0
1461	894.0
1462	894.0
1463	894.0
1464	894.0
1465	894.0
1466	894.0
1467	894.0
1468	894.0
1469	894.0
1470	894.0
1471	894.0
1472	894.0
1473	894.0
1474	894.0
1475	894.0
1476	894.0
1477	889.5
1478	889.5
1479	889.5
1480	889.0
1481	889.5
1482	892.5
1483	893.0
1484	885.0
1485	885.0
1486	885.0
1487	885.0
1488	885.0
1489	885.0
1490	885.0
1491	886.0
1492	885.0
1493	885.0
1494	885.0
1495	884.5
1496	882.5
1497	882.5
1498	882.5
1499	882.5
1500	882.5
1501	882.5
1502	882.0
1503	881.0
1504	880.0
1505	875.5
1506	875.0
1507	875.0
1508	875.0
1509	875.5
1510	875.5
1511	875.0
1512	870.0
1513	870.5
1514	872.5
1515	870.5
1516	870.5
1517	870.5
1518	870.5
1519	868.5
1520	868.5
1521	868.5
1522	868.5
1523	867.0
1524	863.5
1525	862.5
1526	861.0
1527	861.0
1528	861.0
1529	861.0
1530	861.0
1531	856.5
1532	856.5
1533	856.5
1534	856.5
1535	856.5
1536	856.5
1537	856.5
1538	856.5
1539	856.5
1540	856.5
1541	856.5
1542	856.5
1543	856.5
1544	856.5
1545	856.5
1546	856.5
1547	849.5
1548	849.5
1549	850.0
1550	849.5
1551	849.5
1552	849.5
1553	848.0
1554	847.0
1555	842.0
1556	842.5
1557	842.0
1558	842.0
1559	842.5
1560	842.0
1561	842.0
1562	842.0
1563	842.0
1564	842.0
1565	842.0
1566	842.0
1567	842.0
1568	842.0
1569	842.0
1570	842.0
1571	842.5
1572	842.0
1573	842.0
1574	842.5
1575	842.0
1576	840.0
1577	838.5
1578	840.0
1579	840.0
1580	840.5
1581	840.5
1582	840.0
1583	838.0
1584	838.0
1585	838.0
1586	838.0
1587	838.0
1588	838.0
1589	837.5
1590	833.0
1591	833.5
1592	833.0
1593	836.5
1594	833.5
1595	830.0
1596	830.5
1597	825.5
1598	825.5
1599	821.0
1600	821.0
1601	818.5
1602	814.5
1603	819.0
1604	817.5
1605	819.0
1606	813.5
1607	814.0
1608	814.0
1609	814.0
1610	814.0
1611	814.0
1612	814.0
1613	814.0
1614	814.0
1615	814.0
1616	814.0
1617	814.0
1618	814.0
1619	814.0
1620	814.0
1621	814.0
1622	814.0
1623	814.0
1624	814.0
1625	814.0
1626	814.0
1627	811.5
1628	812.0
1629	811.5
1630	811.5
1631	811.5
1632	811.5
1633	811.5
1634	809.5
1635	809.5
1636	809.5
1637	809.5
1638	809.5
1639	809.5
1640	809.5
1641	809.5
1642	809.5
1643	809.5
1644	809.5
1645	809.5
1646	809.5
1647	809.5
1648	809.5
1649	809.5
1650	809.5
1651	809.5
1652	809.5
1653	809.5
1654	809.5
1655	809.5
1656	809.5
1657	809.5
1658	809.5
1659	809.5
1660	808.5
1661	809.5
1662	802.5
1663	802.5
1664	802.5
1665	802.5
1666	802.5
1667	795.5
1668	795.0
1669	796.0
1670	790.5
1671	787.0
1672	790.5
1673	790.5
1674	790.5
1675	790.5
1676	789.5
1677	786.0
1678	786.0
1679	784.5
1680	783.5
1681	783.5
1682	783.5
1683	783.5
1684	783.5
1685	783.5
1686	781.0
1687	781.0
1688	781.0
1689	781.0
1690	781.0
1691	781.0
1692	781.0
1693	781.0
1694	781.0
1695	781.0
1696	781.0
1697	781.0
1698	776.5
1699	776.5
1700	776.5
1701	776.5
1702	776.5
1703	776.5
1704	776.5
1705	772.0
1706	772.0
1707	772.0
1708	772.0
1709	772.0
1710	772.0
1711	772.0
1712	769.5
1713	769.5
1714	769.5
1715	769.5
1716	769.5
1717	764.5
1718	765.0
1719	762.5
1720	762.5
1721	762.5
1722	758.5
1723	761.0
1724	758.0
1725	758.0
1726	758.0
1727	758.0
1728	758.0
1729	758.0
1730	758.0
1731	758.0
1732	758.0
1733	758.0
1734	758.0
1735	758.0
1736	758.0
1737	758.0
1738	757.5
1739	758.0
1740	758.0
1741	755.5
1742	755.5
1743	755.5
1744	755.5
1745	755.0
1746	755.5
1747	753.0
1748	753.0
1749	753.0
1750	753.0
1751	753.0
1752	753.0
1753	753.0
1754	753.0
1755	748.0
1756	748.0
1757	748.0
1758	748.0
1759	744.0
1760	740.5
1761	736.5
1762	736.5
1763	736.5
1764	735.5
1765	735.5
1766	729.5
1767	729.5
1768	729.5
1769	729.5
1770	729.5
1771	729.5
1772	729.5
1773	729.5
1774	729.5
1775	729.5
1776	729.5
1777	729.5
1778	729.5
1779	729.5
1780	729.5
1781	730.0
1782	730.5
1783	727.5
1784	727.5
1785	727.5
1786	727.5
1787	725.5
1788	727.5
1789	724.5
1790	724.5
1791	725.0
1792	725.0
1793	725.0
1794	725.0
1795	725.0
1796	724.5
1797	720.0
1798	720.0
1799	721.0
1800	720.0
1801	721.0
1802	717.5
1803	716.5
1804	716.0
1805	713.5
1806	714.5
1807	713.0
1808	711.0
1809	712.0
1810	710.5
1811	713.0
1812	703.5
1813	704.5
1814	703.5
1815	703.5
1816	703.5
1817	702.5
1818	696.5
1819	696.5
1820	692.0
1821	692.0
1822	692.0
1823	692.0
1824	692.0
1825	692.0
1826	692.0
1827	687.5
1828	687.0
1829	687.0
1830	687.0
1831	687.0
1832	687.0
1833	687.0
1834	684.5
1835	687.0
1836	684.5
1837	684.5
1838	684.5
1839	684.5
1840	684.5
1841	686.0
1842	682.0
1843	682.5
1844	682.5
1845	682.5
1846	682.5
1847	682.5
1848	682.5
1849	682.5
1850	682.5
1851	682.5
1852	682.5
1853	682.5
1854	682.5
1855	682.5
1856	682.5
1857	682.5
1858	682.5
1859	682.5
1860	682.5
1861	682.5
1862	682.5
1863	682.5
1864	682.5
1865	682.5
1866	682.5
1867	682.5
1868	682.5
1869	682.5
1870	682.5
1871	682.5
1872	682.5
1873	682.5
1874	682.5
1875	682.5
1876	682.5
1877	678.0
1878	678.0
1879	675.5
1880	678.0
1881	677.0
1882	673.0
1883	673.5
1884	673.0
1885	673.0
1886	673.0
1887	673.0
1888	673.0
1889	673.0
1890	673.0
1891	673.0
1892	673.0
1893	673.0
1894	673.0
1895	673.0
1896	673.0
1897	673.0
1898	673.0
1899	673.0
1900	673.0
1901	673.0
1902	673.0
1903	673.0
1904	673.0
1905	673.0
1906	673.0
1907	673.0
1908	673.0
1909	673.0
1910	673.0
1911	673.0
1912	673.0
1913	673.0
1914	673.0
1915	673.0
1916	673.0
1917	673.0
1918	673.0
1919	670.5
1920	670.5
1921	670.5
1922	670.5
1923	670.5
1924	670.5
1925	670.5
1926	668.0
1927	668.0
1928	663.5
1929	663.5
1930	663.5
1931	663.5
1932	663.5
1933	663.5
1934	663.5
1935	659.5
1936	659.0
1937	659.0
1938	659.0
1939	659.0
1940	659.0
1941	659.0
1942	659.0
1943	659.0
1944	659.0
1945	659.0
1946	659.0
1947	659.0
1948	659.0
1949	659.0
1950	659.0
1951	659.0
1952	659.0
1953	659.0
1954	659.0
1955	659.0
1956	659.0
1957	659.0
1958	659.0
1959	659.0
1960	659.0
1961	656.5
1962	656.5
1963	656.5
1964	656.5
1965	656.5
1966	656.5
1967	656.5
1968	658.0
1969	654.0
1970	654.0
1971	654.0
1972	654.0
1973	654.0
1974	654.0
1975	654.0
1976	654.0
1977	654.0
1978	654.0
1979	654.0
1980	654.0
1981	654.0
1982	654.0
1983	654.0
1984	654.0
1985	654.0
1986	654.0
1987	654.0
1988	654.0
1989	647.0
1990	647.0
1991	647.0
1992	647.0
1993	647.0
1994	647.0
1995	647.0
1996	651.0
1997	640.0
1998	639.0
1999	640.0
2000	640.0
2001	640.0
2002	640.0
2003	640.0
2004	640.0
2005	640.0
2006	640.0
2007	640.0
2008	640.0
2009	640.0
2010	640.0
2011	640.0
2012	640.0
2013	640.0
2014	640.0
2015	640.0
2016	640.0
2017	640.0
2018	640.0
2019	640.0
2020	640.0
2021	640.0
2022	640.0
2023	635.0
2024	635.0
2025	635.0
2026	634.0
2027	628.0
2028	628.0
2029	627.5
2030	621.0
2031	621.0
2032	619.0
2033	619.0
2034	614.5
2035	614.5
2036	614.5
2037	614.5
2038	614.5
2039	615.0
2040	612.0
2041	613.0
2042	607.0
2043	607.0
2044	607.0
2045	607.0
2046	608.0
2047	608.5
2048	600.5
2049	600.5
2050	600.5
2051	600.5
2052	597.5
2053	598.0
2054	598.0
2055	598.0
2056	598.0
2057	598.0
2058	598.0
2059	598.0
2060	598.0
2061	598.0
2062	598.0
2063	598.0
2064	598.0
2065	598.0
2066	598.0
2067	598.0
2068	598.0
2069	598.0
2070	598.0
2071	598.0
2072	598.0
2073	598.0
2074	598.0
2075	598.0
2076	598.0
2077	598.0
2078	598.0
2079	598.0
2080	598.0
2081	598.0
2082	598.0
2083	598.0
2084	598.0
2085	598.0
2086	598.0
2087	598.0
2088	598.0
2089	598.0
2090	598.0
2091	598.0
2092	598.0
2093	598.0
2094	598.0
2095	598.0
2096	598.0
2097	598.0
2098	598.0
2099	598.0
2100	598.0
2101	598.0
2102	598.0
2103	598.0
2104	598.0
2105	598.0
2106	598.0
2107	598.0
2108	598.0
2109	598.0
2110	598.0
2111	598.0
2112	598.0
2113	598.0
2114	598.0
2115	598.0
2116	598.0
2117	598.0
2118	598.0
2119	598.0
2120	598.0
2121	594.0
2122	593.0
2123	593.0
2124	593.0
2125	593.0
2126	591.0
2127	591.0
2128	586.5
2129	586.0
2130	586.5
2131	586.0
2132	586.5
2133	584.0
2134	584.0
2135	584.0
2136	584.0
2137	584.0
2138	584.0
2139	584.0
2140	584.0
2141	584.0
2142	584.0
2143	584.0
2144	584.0
2145	584.0
2146	584.0
2147	584.0
2148	584.0
2149	584.0
2150	584.0
2151	584.0
2152	584.0
2153	584.0
2154	584.0
2155	584.0
2156	579.0
2157	579.0
2158	579.0
2159	579.0
2160	579.0
2161	574.5
2162	574.0
2163	574.0
2164	574.0
2165	574.0
2166	574.0
2167	574.0
2168	574.0
2169	574.0
2170	574.0
2171	574.0
2172	574.0
2173	574.0
2174	574.0
2175	574.0
2176	574.0
2177	574.0
2178	574.0
2179	574.0
2180	574.0
2181	574.0
2182	574.0
2183	574.0
2184	574.0
2185	574.0
2186	574.0
2187	574.0
2188	574.0
2189	574.0
2190	574.0
2191	574.0
2192	574.0
2193	574.0
2194	574.0
2195	574.0
2196	574.0
2197	574.0
2198	574.0
2199	574.0
2200	574.0
2201	574.0
2202	574.0
2203	574.0
2204	574.0
2205	574.0
2206	574.0
2207	574.0
2208	574.0
2209	574.0
2210	574.0
2211	574.0
2212	574.0
2213	574.0
2214	574.0
2215	574.0
2216	574.0
2217	574.0
2218	574.0
2219	574.0
2220	574.0
2221	574.0
2222	574.0
2223	574.0
2224	574.0
2225	574.0
2226	574.0
2227	574.0
2228	574.0
2229	574.0
2230	574.0
2231	574.0
2232	574.0
2233	574.0
2234	574.0
2235	574.0
2236	574.0
2237	574.0
2238	574.0
2239	574.0
2240	574.0
2241	574.0
2242	574.0
2243	574.0
2244	574.0
2245	574.0
2246	574.0
2247	574.0
2248	574.0
2249	574.0
2250	574.0
2251	574.0
2252	574.0
2253	574.0
2254	574.0
2255	574.0
2256	574.0
2257	574.0
2258	574.0
2259	574.0
2260	574.0
2261	574.0
2262	574.0
2263	574.0
2264	574.0
2265	574.0
2266	574.0
2267	574.0
2268	574.0
2269	574.0
2270	574.0
2271	574.0
2272	574.0
2273	574.0
2274	574.0
2275	574.0
2276	574.0
2277	574.0
2278	574.0
2279	574.0
2280	574.0
2281	574.0
2282	574.0
2283	574.0
2284	574.0
2285	574.0
2286	574.0
2287	574.0
2288	574.0
2289	574.0
2290	574.0
2291	574.0
2292	574.0
2293	574.0
2294	574.0
2295	574.0
2296	574.0
2297	574.0
2298	574.0
2299	574.0
2300	574.0
2301	574.0
2302	574.0
2303	574.0
2304	574.0
2305	574.0
2306	574.0
2307	574.0
2308	574.0
2309	574.0
2310	574.0
2311	574.0
2312	574.0
2313	574.0
2314	572.0
2315	571.5
2316	573.0
2317	571.5
2318	571.5
2319	567.0
2320	566.0
2321	565.0
2322	565.0
2323	565.0
2324	565.0
2325	565.0
2326	560.0
2327	560.0
2328	560.0
2329	560.0
2330	560.0
2331	560.0
2332	560.0
2333	560.0
2334	560.0
2335	560.0
2336	560.0
2337	560.0
2338	560.0
2339	560.0
2340	560.0
2341	560.0
2342	560.0
2343	560.0
2344	560.0
2345	560.0
2346	560.0
2347	560.0
2348	560.0
2349	560.0
2350	560.0
2351	560.0
2352	563.0
2353	557.5
2354	557.5
2355	556.5
2356	556.0
2357	555.0
2358	557.5
2359	555.5
2360	555.5
2361	555.5
2362	553.5
2363	555.5
2364	555.5
2365	556.0
2366	551.5
2367	551.0
2368	551.0
2369	551.0
2370	551.0
2371	551.0
2372	550.5
2373	546.0
2374	546.0
2375	541.5
2376	541.5
2377	541.5
2378	541.5
2379	541.5
2380	541.5
2381	541.5
2382	537.0
2383	537.0
2384	537.0
2385	537.0
2386	537.0
2387	537.0
2388	537.0
2389	537.0
2390	537.0
2391	537.0
2392	537.0
2393	537.0
2394	537.0
2395	537.0
2396	537.0
2397	537.0
2398	537.0
2399	537.0
2400	537.0
2401	537.0
2402	537.0
2403	537.0
2404	537.0
2405	537.0
2406	537.0
2407	537.0
2408	537.0
2409	537.0
2410	537.0
2411	537.0
2412	537.0
2413	537.0
2414	537.0
2415	537.0
2416	537.0
2417	534.5
2418	534.5
2419	534.5
2420	534.5
2421	536.5
2422	534.5
2423	534.5
2424	534.5
2425	532.0
2426	532.0
2427	532.0
2428	533.5
2429	532.0
2430	532.0
2431	531.5
2432	533.0
2433	527.0
2434	527.0
2435	527.0
2436	527.0
2437	531.0
2438	527.0
2439	522.5
2440	522.5
2441	522.5
2442	522.5
2443	522.5
2444	522.5
2445	522.5
2446	522.5
2447	522.5
2448	522.5
2449	522.5
2450	522.5
2451	522.5
2452	522.5
2453	522.5
2454	522.5
2455	522.5
2456	522.5
2457	522.5
2458	522.5
2459	522.5
2460	522.5
2461	522.5
2462	522.5
2463	522.5
2464	522.5
2465	522.5
2466	522.5
2467	522.5
2468	522.5
2469	522.5
2470	522.5
2471	522.5
2472	522.5
2473	521.0
2474	522.5
2475	522.5
2476	522.5
2477	523.0
2478	522.5
2479	520.5
2480	520.5
2481	520.5
2482	520.5
2483	520.5
2484	515.0
2485	515.5
2486	513.0
2487	513.0
2488	508.5
2489	508.5
2490	508.0
2491	502.5
2492	504.0
2493	502.5
2494	504.0
2495	499.0
2496	499.0
2497	494.5
2498	498.5
2499	497.0
2500	494.0
2501	497.0
2502	496.0
2503	494.0
2504	494.0
2505	490.0
2506	489.5
2507	487.5
2508	487.5
2509	487.5
2510	487.5
2511	487.5
2512	485.5
2513	487.5
2514	485.0
2515	485.0
2516	485.0
2517	485.0
2518	485.0
2519	485.0
2520	485.0
2521	483.5
2522	483.0
2523	480.0
2524	480.0
2525	480.0
2526	480.0
2527	480.0
2528	475.5
2529	474.5
2530	475.5
2531	475.5
2532	475.5
2533	475.5
2534	475.5
2535	475.5
2536	475.5
2537	475.5
2538	475.5
2539	475.5
2540	475.5
2541	475.5
2542	475.5
2543	475.5
2544	475.5
2545	475.5
2546	475.5
2547	475.5
2548	475.5
2549	475.5
2550	475.5
2551	475.5
2552	475.5
2553	475.5
2554	475.5
2555	475.5
2556	475.5
2557	475.5
2558	475.5
2559	475.5
2560	475.5
2561	475.5
2562	475.5
2563	475.5
2564	475.5
2565	475.5
2566	475.5
2567	475.5
2568	475.5
2569	475.5
2570	475.5
2571	475.5
2572	475.5
2573	475.5
2574	475.5
2575	475.5
2576	475.5
2577	475.5
2578	475.5
2579	475.5
2580	475.5
2581	475.5
2582	478.0
2583	471.0
2584	471.0
2585	470.5
2586	471.0
2587	471.0
2588	471.0
2589	466.0
2590	466.0
2591	466.0
2592	466.0
2593	466.0
2594	466.0
2595	466.0
2596	466.0
2597	466.0
2598	466.0
2599	466.0
2600	466.0
2601	466.0
2602	466.0
2603	466.0
2604	466.0
2605	466.0
2606	466.0
2607	466.0
2608	466.0
2609	466.0
2610	466.0
2611	466.0
2612	466.0
2613	466.0
2614	466.0
2615	466.0
2616	466.0
2617	466.0
2618	466.0
2619	466.0
2620	466.0
2621	466.0
2622	466.0
2623	466.0
2624	466.0
2625	466.0
2626	466.0
2627	466.0
2628	466.0
2629	466.0
2630	466.0
2631	466.0
2632	466.0
2633	466.0
2634	466.0
2635	466.0
2636	466.0
2637	466.0
2638	466.0
2639	466.0
2640	466.0
2641	466.0
2642	466.0
2643	466.0
2644	466.0
2645	466.0
2646	466.0
2647	466.0
2648	466.0
2649	466.0
2650	466.0
2651	466.0
2652	466.0
2653	466.0
2654	466.0
2655	466.0
2656	466.0
2657	466.0
2658	466.0
2659	466.0
2660	466.0
2661	466.0
2662	466.0
2663	466.0
2664	466.0
2665	466.0
2666	466.0
2667	466.0
2668	466.0
2669	466.0
2670	466.0
2671	466.0
2672	466.0
2673	466.0
2674	466.0
2675	466.0
2676	466.0
2677	466.0
2678	466.0
2679	466.0
2680	466.0
2681	466.0
2682	466.0
2683	466.0
2684	466.0
2685	466.0
2686	466.0
2687	466.0
2688	466.0
2689	466.0
2690	466.0
2691	466.0
2692	466.0
2693	466.0
2694	466.0
2695	466.0
2696	466.0
2697	466.0
2698	466.0
2699	466.0
2700	466.0
2701	466.0
2702	466.0
2703	466.0
2704	461.5
2705	461.5
2706	461.5
2707	461.5
2708	461.5
2709	461.5
2710	461.5
2711	461.5
2712	457.0
2713	457.0
2714	457.0
2715	457.0
2716	457.0
2717	457.0
2718	457.0
2719	457.0
2720	457.0
2721	457.0
2722	457.0
2723	457.0
2724	457.0
2725	457.0
2726	457.0
2727	457.0
2728	457.0
2729	457.0
2730	457.0
2731	457.0
2732	457.0
2733	457.0
2734	457.0
2735	457.0
2736	457.0
2737	457.0
2738	457.0
2739	457.0
2740	457.0
2741	457.0
2742	457.0
2743	457.0
2744	457.0
2745	457.0
2746	457.0
2747	457.0
2748	457.0
2749	457.0
2750	457.0
2751	457.0
2752	457.0
2753	457.0
2754	457.0
2755	457.0
2756	457.0
2757	457.0
2758	457.0
2759	457.0
2760	457.0
2761	457.0
2762	457.0
2763	457.0
2764	457.0
2765	457.0
2766	457.0
2767	457.0
2768	457.0
2769	457.0
2770	457.0
2771	457.0
2772	457.0
2773	457.0
2774	457.0
2775	457.0
2776	457.0
2777	457.0
2778	457.0
2779	457.0
2780	457.0
2781	457.0
2782	457.0
2783	457.0
2784	447.5
2785	447.5
2786	447.5
2787	447.5
2788	447.5
2789	447.5
2790	447.5
2791	447.5
2792	438.0
2793	438.0
2794	438.0
2795	438.0
2796	438.0
2797	438.0
2798	438.0
2799	438.0
2800	438.0
2801	438.0
2802	438.0
2803	438.0
2804	438.0
2805	438.0
2806	438.0
2807	438.0
2808	433.0
2809	433.0
2810	433.0
2811	433.0
2812	433.0
2813	436.5
2814	437.5
2815	428.5
2816	428.5
2817	428.5
2818	428.5
2819	428.5
2820	428.5
2821	428.5
2822	428.5
2823	428.5
2824	428.5
2825	428.5
2826	428.5
2827	428.5
2828	428.5
2829	428.5
2830	428.5
2831	428.5
2832	428.5
2833	428.5
2834	428.5
2835	428.5
2836	428.5
2837	428.5
2838	428.5
2839	428.5
2840	428.5
2841	428.5
2842	428.5
2843	428.5
2844	428.5
2845	428.5
2846	428.5
2847	428.5
2848	428.5
2849	428.5
2850	428.5
2851	428.5
2852	428.5
2853	428.5
2854	428.5
2855	428.5
2856	428.5
2857	428.5
2858	428.5
2859	428.5
2860	428.5
2861	428.5
2862	428.5
2863	428.5
2864	428.5
2865	428.5
2866	428.5
2867	428.5
2868	428.5
2869	428.5
2870	428.5
2871	428.5
2872	428.5
2873	428.5
2874	428.5
2875	428.5
2876	428.5
2877	428.5
2878	428.5
2879	428.5
2880	428.5
2881	428.5
2882	428.5
2883	428.5
2884	428.5
2885	428.5
2886	428.5
2887	428.5
2888	428.5
2889	428.5
2890	428.5
2891	428.5
2892	428.5
2893	428.5
2894	428.5
2895	428.5
2896	428.5
2897	428.5
2898	428.5
2899	428.5
2900	428.5
2901	428.5
2902	428.5
2903	428.5
2904	428.5
2905	428.5
2906	428.5
2907	428.5
2908	428.5
2909	428.5
2910	428.5
2911	428.5
2912	428.5
2913	428.5
2914	428.5
2915	428.5
2916	428.5
2917	428.5
2918	428.5
2919	428.5
2920	428.5
2921	428.5
2922	428.5
2923	428.5
2924	428.5
2925	428.5
2926	428.5
2927	428.5
2928	428.5
2929	428.5
2930	428.5
2931	428.5
2932	428.5
2933	428.5
2934	428.5
2935	428.5
2936	428.5
2937	428.5
2938	428.5
2939	428.5
2940	428.5
2941	428.5
2942	428.5
2943	428.5
2944	428.5
2945	428.5
2946	428.5
2947	428.5
2948	428.5
2949	428.5
2950	428.5
2951	428.5
2952	428.5
2953	428.5
2954	428.5
2955	428.5
2956	428.5
2957	428.5
2958	428.5
2959	428.5
2960	428.5
2961	428.5
2962	428.5
2963	428.5
2964	428.5
2965	428.5
2966	428.5
2967	428.5
2968	428.5
2969	428.5
2970	428.5
2971	428.5
2972	428.5
2973	428.5
2974	428.5
2975	428.5
2976	428.5
2977	428.5
2978	428.5
2979	428.5
2980	428.5
2981	428.5
2982	428.5
2983	428.5
2984	428.5
2985	428.5
2986	428.5
2987	428.5
2988	428.5
2989	428.5
2990	428.5
2991	428.5
2992	428.5
2993	428.5
2994	428.5
2995	428.5
2996	428.5
2997	428.5
2998	428.5
2999	428.5
3000	428.5
3001	428.5
3002	428.5
3003	428.5
3004	428.5
3005	428.5
3006	428.5
3007	428.5
3008	428.5
3009	428.5
3010	428.5
3011	428.5
3012	428.5
3013	428.5
3014	428.5
3015	428.5
3016	428.5
3017	428.5
3018	428.5
3019	428.5
3020	428.5
3021	428.5
3022	428.5
3023	428.5
3024	428.5
3025	428.5
3026	428.5
3027	428.5
3028	428.5
3029	428.5
3030	428.5
3031	428.5
3032	428.5
3033	428.5
3034	428.5
3035	428.5
3036	428.5
3037	428.5
3038	428.5
3039	428.5
3040	428.5
3041	428.5
3042	428.5
3043	428.5
3044	428.5
3045	428.5
3046	428.5
3047	428.5
3048	428.5
3049	428.5
3050	428.5
3051	428.5
3052	428.5
3053	428.5
3054	428.5
3055	428.5
3056	428.5
3057	428.5
3058	428.5
3059	428.5
3060	428.5
3061	428.5
3062	428.5
3063	428.5
3064	428.5
3065	428.5
3066	428.5
3067	428.5
3068	428.5
3069	428.5
3070	428.5
3071	428.5
3072	428.5
3073	428.5
3074	428.5
3075	428.5
3076	428.5
3077	428.5
3078	428.5
3079	428.5
3080	428.5
3081	428.5
3082	428.5
3083	428.5
3084	428.5
3085	428.5
3086	428.5
3087	428.5
3088	428.5
3089	428.5
3090	428.5
3091	428.5
3092	428.5
3093	428.5
3094	428.5
3095	428.5
3096	428.5
3097	428.5
3098	428.5
3099	428.5
3100	428.5
3101	428.5
3102	428.5
3103	428.5
3104	428.5
3105	428.5
3106	428.5
3107	428.5
3108	428.5
3109	428.5
3110	428.5
3111	428.5
3112	428.5
3113	428.5
3114	428.5
3115	428.5
3116	428.5
3117	428.5
3118	428.5
3119	428.5
3120	428.5
3121	428.5
3122	428.5
3123	428.5
3124	428.5
3125	428.5
3126	428.5
3127	428.5
3128	428.5
3129	428.5
3130	428.5
3131	428.5
3132	428.5
3133	428.5
3134	428.5
3135	428.5
3136	428.5
3137	428.5
3138	428.5
3139	428.5
3140	428.5
3141	428.5
3142	428.5
3143	428.5
3144	428.5
3145	428.5
3146	428.5
3147	428.5
3148	428.5
3149	428.5
3150	428.5
3151	428.5
3152	428.5
3153	428.5
3154	428.5
3155	428.5
3156	428.5
3157	428.5
3158	428.5
3159	428.5
3160	428.5
3161	428.5
3162	428.5
3163	428.5
3164	428.5
3165	428.5
3166	428.5
3167	428.5
3168	428.5
3169	428.5
3170	428.5
3171	428.5
3172	428.5
3173	428.5
3174	428.5
3175	428.5
3176	428.5
3177	428.5
3178	428.5
3179	428.5
3180	428.5
3181	428.5
3182	428.5
3183	429.0
3184	421.5
3185	421.5
3186	421.5
3187	421.5
3188	421.5
3189	421.5
3190	421.5
3191	414.0
3192	414.0
3193	414.0
3194	414.0
3195	414.0
3196	414.0
3197	414.0
3198	414.0
3199	414.0
3200	414.0
3201	414.0
3202	414.0
3203	414.0
3204	414.0
3205	414.0
3206	414.0
3207	414.0
3208	414.0
3209	414.0
3210	414.0
3211	414.0
3212	414.0
3213	414.0
3214	414.0
3215	414.0
3216	414.0
3217	414.0
3218	414.0
3219	414.0
3220	414.0
3221	414.0
3222	414.0
3223	414.0
3224	414.0
3225	414.0
3226	414.0
3227	414.0
3228	414.0
3229	414.0
3230	414.0
3231	414.0
3232	414.0
3233	414.0
3234	414.0
3235	414.0
3236	414.0
3237	414.0
3238	414.0
3239	414.0
3240	414.0
3241	414.0
3242	414.0
3243	414.0
3244	414.0
3245	414.0
3246	414.0
3247	414.0
3248	414.0
3249	414.0
3250	414.0
3251	414.0
3252	414.0
3253	414.0
3254	414.0
3255	414.0
3256	414.0
3257	414.0
3258	414.0
3259	414.0
3260	414.0
3261	414.0
3262	414.0
3263	414.0
3264	414.0
3265	414.0
3266	414.0
3267	414.0
3268	414.0
3269	414.0
3270	414.0
3271	414.0
3272	414.0
3273	414.0
3274	414.0
3275	414.0
3276	414.0
3277	414.0
3278	414.0
3279	414.0
3280	414.0
3281	414.0
3282	414.0
3283	414.0
3284	414.0
3285	414.0
3286	414.0
3287	414.0
3288	414.0
3289	414.0
3290	414.0
3291	414.0
3292	414.0
3293	414.0
3294	414.0
3295	414.0
3296	414.0
3297	414.0
3298	414.0
3299	414.0
3300	414.0
3301	414.0
3302	414.0
3303	414.0
3304	414.0
3305	414.0
3306	414.0
3307	414.0
3308	414.0
3309	414.0
3310	414.0
3311	414.0
3312	414.0
3313	414.0
3314	414.0
3315	414.0
3316	414.0
3317	414.0
3318	414.0
3319	414.0
3320	414.0
3321	414.0
3322	414.0
3323	414.0
3324	414.0
3325	414.0
3326	414.0
3327	414.0
3328	414.0
3329	414.0
3330	414.0
3331	414.0
3332	414.0
3333	414.0
3334	414.0
3335	414.0
3336	414.0
3337	414.0
3338	414.0
3339	414.0
3340	414.0
3341	414.0
3342	414.0
3343	414.0
3344	414.0
3345	414.0
3346	414.0
3347	414.0
3348	414.0
3349	414.0
3350	414.0
3351	414.0
3352	414.0
3353	414.0
3354	414.0
3355	414.0
3356	414.0
3357	414.0
3358	414.0
3359	414.0
3360	414.0
3361	414.0
3362	414.0
3363	414.0
3364	414.0
3365	414.0
3366	414.0
3367	414.0
3368	414.0
3369	414.0
3370	414.0
3371	414.0
3372	414.0
3373	414.0
3374	414.0
3375	414.0
3376	414.0
3377	414.0
3378	414.0
3379	414.0
3380	414.0
3381	414.0
3382	414.0
3383	414.0
3384	414.0
3385	414.0
3386	414.0
3387	414.0
3388	414.0
3389	414.0
3390	414.0
3391	414.0
3392	414.0
3393	414.0
3394	414.0
3395	414.0
3396	414.0
3397	414.0
3398	414.0
3399	414.0
3400	414.0
3401	414.0
3402	414.0
3403	414.0
3404	414.0
3405	414.0
3406	414.0
3407	414.0
3408	414.0
3409	414.0
3410	414.0
3411	414.0
3412	414.0
3413	414.0
3414	414.0
3415	414.0
3416	414.0
3417	414.0
3418	414.0
3419	414.0
3420	414.0
3421	414.0
3422	414.0
3423	414.0
3424	414.0
3425	414.0
3426	414.0
3427	414.0
3428	414.0
3429	414.0
3430	414.0
3431	414.0
3432	414.0
3433	414.0
3434	414.0
3435	414.0
3436	414.0
3437	414.0
3438	414.0
3439	414.0
3440	414.0
3441	414.0
3442	414.0
3443	414.0
3444	414.0
3445	414.0
3446	414.0
3447	414.0
3448	414.0
3449	414.0
3450	414.0
3451	414.0
3452	414.0
3453	414.0
3454	414.0
3455	414.0
3456	414.0
3457	414.0
3458	414.0
3459	414.0
3460	414.0
3461	414.0
3462	414.0
3463	414.0
3464	414.0
3465	414.0
3466	414.0
3467	414.0
3468	414.0
3469	414.0
3470	414.0
3471	414.0
3472	414.0
3473	414.0
3474	414.0
3475	414.0
3476	414.0
3477	414.0
3478	414.0
3479	414.0
3480	414.0
3481	414.0
3482	414.0
3483	414.0
3484	414.0
3485	414.0
3486	414.0
3487	414.0
3488	414.0
3489	414.0
3490	414.0
3491	414.0
3492	414.0
3493	414.0
3494	414.0
3495	414.0
3496	414.0
3497	414.0
3498	414.0
3499	414.5
3500	404.5
3501	404.5
3502	404.5
3503	404.5
3504	403.5
3505	405.0
3506	395.0
3507	395.0
3508	394.0
3509	395.5
3510	395.5
3511	395.5
3512	395.5
3513	395.5
3514	395.5
3515	395.5
3516	395.5
3517	395.5
3518	395.5
3519	395.5
3520	395.5
3521	395.5
3522	395.5
3523	395.5
3524	395.5
3525	395.5
3526	395.5
3527	395.5
3528	395.5
3529	395.5
3530	395.5
3531	395.5
3532	395.5
3533	395.5
3534	395.5
3535	395.5
3536	395.5
3537	395.5
3538	395.5
3539	395.5
3540	395.5
3541	395.5
3542	395.5
3543	395.5
3544	395.5
3545	395.5
3546	395.5
3547	395.5
3548	395.5
3549	395.5
3550	395.5
3551	395.5
3552	395.5
3553	395.5
3554	395.5
3555	395.5
3556	395.5
3557	395.5
3558	395.5
3559	395.5
3560	395.5
3561	395.5
3562	395.5
3563	395.5
3564	395.5
3565	395.5
3566	395.5
3567	395.5
3568	395.5
3569	395.5
3570	395.5
3571	395.5
3572	395.5
3573	395.5
3574	395.5
3575	395.5
3576	395.5
3577	395.5
3578	395.5
3579	395.5
3580	395.5
3581	395.5
3582	395.5
3583	395.5
3584	395.5
3585	395.5
3586	395.5
3587	395.5
3588	395.5
3589	395.5
3590	395.5
3591	395.5
3592	395.5
3593	395.5
3594	395.5
3595	395.5
3596	395.5
3597	395.5
3598	395.5
3599	395.5
3600	395.5
3601	395.5
3602	395.5
3603	395.5
3604	395.5
3605	395.5
3606	395.5
3607	395.5
3608	395.5
3609	395.5
3610	395.5
3611	395.5
3612	395.5
3613	395.5
3614	395.5
3615	395.5
3616	395.5
3617	395.5
3618	395.5
3619	395.5
3620	395.5
3621	395.5
3622	395.5
3623	395.5
3624	395.5
3625	395.5
3626	395.5
3627	395.5
3628	395.5
3629	395.5
3630	395.5
3631	395.5
3632	395.5
3633	395.5
3634	395.5
3635	395.5
3636	395.5
3637	395.5
3638	395.5
3639	395.5
3640	395.5
3641	395.5
3642	395.5
3643	395.5
3644	395.5
3645	395.5
3646	395.5
3647	395.5
3648	395.5
3649	395.5
3650	395.5
3651	395.5
3652	395.5
3653	395.5
3654	395.5
3655	395.5
3656	395.5
3657	395.5
3658	395.5
3659	395.5
3660	395.5
3661	395.5
3662	395.5
3663	395.5
3664	395.5
3665	395.5
3666	395.5
3667	395.5
3668	395.5
3669	395.5
3670	395.5
3671	395.5
3672	395.5
3673	395.5
3674	395.5
3675	395.5
3676	395.5
3677	395.5
3678	395.5
3679	395.5
3680	395.5
3681	395.5
3682	395.5
3683	395.5
3684	395.5
3685	395.5
3686	395.5
3687	395.5
3688	395.5
3689	395.5
3690	395.5
3691	395.5
3692	395.5
3693	395.5
3694	395.5
3695	395.5
3696	395.5
3697	395.5
3698	395.5
3699	395.5
3700	395.5
3701	395.5
3702	395.5
3703	395.5
3704	395.5
3705	395.5
3706	395.5
3707	395.5
3708	395.5
3709	395.5
3710	395.5
3711	395.5
3712	395.5
3713	395.5
3714	395.5
3715	395.5
3716	395.5
3717	395.5
3718	395.5
3719	395.5
3720	395.5
3721	395.5
3722	395.5
3723	395.5
3724	395.5
3725	395.5
3726	395.5
3727	395.5
3728	395.5
3729	395.5
3730	395.5
3731	395.5
3732	395.5
3733	395.5
3734	395.5
3735	395.5
3736	395.5
3737	395.5
3738	395.5
3739	395.5
3740	395.5
3741	395.5
3742	395.5
3743	395.5
3744	395.5
3745	395.5
3746	395.5
3747	395.5
3748	395.5
3749	395.5
3750	395.5
3751	395.5
3752	395.5
3753	395.5
3754	395.5
3755	395.5
3756	395.5
3757	395.5
3758	395.5
3759	395.5
3760	395.5
3761	395.5
3762	395.5
3763	395.5
3764	395.5
3765	395.5
3766	395.5
3767	395.5
3768	395.5
3769	395.5
3770	395.5
3771	395.5
3772	395.5
3773	395.5
3774	395.5
3775	395.5
3776	395.5
3777	395.5
3778	395.5
3779	395.5
3780	395.5
3781	395.5
3782	395.5
3783	395.5
3784	395.5
3785	395.5
3786	395.5
3787	395.5
3788	395.5
3789	395.5
3790	395.5
3791	395.5
3792	395.5
3793	395.5
3794	395.5
3795	395.5
3796	395.5
3797	395.5
3798	395.5
3799	395.5
3800	395.5
3801	395.5
3802	395.5
3803	395.5
3804	395.5
3805	395.5
3806	395.5
3807	395.5
3808	395.5
3809	395.5
3810	395.5
3811	395.5
3812	395.5
3813	395.5
3814	395.5
3815	395.5
3816	395.5
3817	395.5
3818	395.5
3819	395.5
3820	395.5
3821	395.5
3822	395.5
3823	395.5
3824	395.5
3825	395.5
3826	395.5
3827	395.5
3828	395.5
3829	395.5
3830	395.5
3831	395.5
3832	395.5
3833	395.5
3834	395.5
3835	395.5
3836	395.5
3837	395.5
3838	395.5
3839	395.5
3840	395.5
3841	395.5
3842	395.5
3843	395.5
3844	395.5
3845	395.5
3846	395.5
3847	395.5
3848	395.5
3849	395.5
3850	395.5
3851	395.5
3852	395.5
3853	395.5
3854	395.5
3855	395.5
3856	395.5
3857	395.5
3858	395.5
3859	395.5
3860	395.5
3861	395.5
3862	395.5
3863	395.5
3864	395.5
3865	395.5
3866	395.5
3867	395.5
3868	395.5
3869	395.5
3870	395.5
3871	395.5
3872	395.5
3873	395.5
3874	395.5
3875	395.5
3876	395.5
3877	395.5
3878	395.5
3879	395.5
3880	395.5
3881	395.5
3882	395.5
3883	395.5
3884	395.5
3885	395.5
3886	395.5
3887	395.5
3888	395.5
3889	395.5
3890	395.5
3891	395.5
3892	395.5
3893	395.5
3894	395.5
3895	395.5
3896	395.5
3897	395.5
3898	395.5
3899	395.5
3900	395.5
3901	395.5
3902	395.5
3903	395.5
3904	395.5
3905	395.5
3906	395.5
3907	395.5
3908	395.5
3909	395.5
3910	395.5
3911	395.5
3912	395.5
3913	395.5
3914	395.5
3915	395.5
3916	395.5
3917	395.5
3918	395.5
3919	395.5
3920	395.5
3921	395.5
3922	395.5
3923	395.5
3924	395.5
3925	395.5
3926	395.5
3927	395.5
3928	395.5
3929	395.5
3930	395.5
3931	395.5
3932	395.5
3933	395.5
3934	395.5
3935	395.5
3936	395.5
3937	395.5
3938	395.5
3939	395.5
3940	395.5
3941	395.5
3942	395.5
3943	395.5
3944	395.5
3945	395.5
3946	395.5
3947	395.5
3948	395.5
3949	395.5
3950	395.5
3951	395.5
3952	395.5
3953	395.5
3954	395.5
3955	395.5
3956	395.5
3957	395.5
3958	395.5
3959	395.5
3960	395.5
3961	395.5
3962	395.5
3963	395.5
3964	395.5
3965	395.5
3966	395.5
3967	395.5
3968	395.5
3969	395.5
3970	395.5
3971	395.5
3972	395.5
3973	395.5
3974	395.5
3975	395.5
3976	395.5
3977	395.0
3978	395.5
